DATETIME,ACCURACY,CMODE,HEIGHT,HUMIDITY,IRTEMPERATURE,LIGHT,MAXACC,MAXGYR,MEANGYR,MEANMAG,MODE,NOISE,PRESSURE,STDACC,STDGYR,STDMAG,STEPS,TEMPERATURE,TIMESTAMP,WLATITUDE,WLONGITUDE
2018-11-27 08:05:00+08:00,-2,-1,37.76,81,18.81,0,22183,837,253,732,1,61,100847,1262,207,5,72812,26.99,1543277101,92,182
2018-11-27 08:05:15+08:00,-2,-1,38.24,81,19.25,0,32767,13579,4361,758,3,45,100841,4634,2299,88,72840,27,1543277116,92,182
2018-11-27 08:05:30+08:00,-2,-1,38.87,81,19.53,0,17651,1293,417,695,3,46,100833,569,257,8,72840,27.04,1543277134,92,182
2018-11-27 08:05:45+08:00,-2,-1,38.47,81,19.42,0,17008,696,385,705,6,51,100838,345,152,6,72840,27.05,1543277150,92,182
2018-11-27 08:06:00+08:00,-2,-1,38.32,81,19.81,0,22472,1368,367,482,6,68,100840,1925,274,22,72840,27.09,1543277165,92,182
2018-11-27 08:06:15+08:00,-2,-1,38.55,81,19.42,0,26249,8851,3097,625,3,53,100837,3537,1566,46,72848,27.11,1543277182,92,182
2018-11-27 08:06:30+08:00,-2,-1,38.55,79.5,18.92,0,21953,2550,869,968,3,50,100837,2430,488,10,72849,27.14,1543277198,92,182
2018-11-27 08:06:45+08:00,-2,-1,38.39,79,19.48,10,32767,9498,2353,800,3,64,100839,4634,1862,39,72849,27.15,1543277216,92,182
2018-11-27 08:07:00+08:00,-2,-1,38.55,80,19.31,10,16599,46,34,974,3,59,100837,88,5,5,72849,27.19,1543277232,92,182
2018-11-27 08:07:15+08:00,-2,-1,35.62,80,19.81,0,15418,52,29,649,6,52,100874,108,9,65,72849,27.19,1543277248,92,182
2018-11-27 08:07:30+08:00,,,,,,,,,,,,,,,,,,,,,
2018-11-27 08:07:45+08:00,-2,-1,10.1,80.5,19.59,10,25855,4725,1927,725,6,69,101197,3758,1025,67,72849,27.21,1543277266,92,182
2018-11-27 08:08:00+08:00,-2,-1,10.1,80.5,19.48,60,32767,4819,1962,796,3,57,101197,4634,1032,26,72849,27.27,1543277282,92,182
2018-11-27 08:08:15+08:00,-2,-1,9.07,80,18.98,10,26220,7352,2296,840,3,56,101210,3678,1754,13,72857,27.26,1543277297,92,182
2018-11-27 08:08:30+08:00,-2,-1,8.6,80,18.64,10,17195,510,233,702,3,56,101216,405,113,7,72857,27.28,1543277314,92,182
2018-11-27 08:08:45+08:00,-2,-1,8.44,80,15.42,0,32767,20314,8338,803,3,64,101218,4634,4634,102,72864,27.29,1543277330,92,182
2018-11-27 08:09:00+08:00,-2,-1,9.07,65,14.97,0,25107,326,237,638,3,83,101210,3642,34,14,72867,27.21,1543277348,92,182
2018-11-27 08:09:15+08:00,-2,-1,10.97,61.5,14.19,100,18920,260,121,382,3,54,101186,589,30,5,72867,27.13,1543277364,92,182
2018-11-27 08:09:30+08:00,-2,-1,11.99,60,13.47,60,18723,317,213,777,6,55,101173,856,35,5,72867,27.04,1543277379,92,182
2018-11-27 08:09:45+08:00,-2,-1,12.78,59.5,12.42,160,20223,784,166,686,6,71,101163,1574,137,44,72867,26.93,1543277396,92,182
2018-11-27 08:10:00+08:00,-2,-1,9.55,58.5,12.25,60,20742,459,166,671,6,62,101204,1317,72,19,72867,26.84,1543277412,92,182
2018-11-27 08:10:15+08:00,,,,,,,,,,,,,,,,,,,,,
2018-11-27 08:10:30+08:00,-2,-1,3.71,57,11.53,100,19440,190,120,727,6,58,101278,1071,23,14,72867,26.68,1543277430,92,182
2018-11-27 08:10:45+08:00,-2,-1,3.86,57,10.86,130,19571,208,79,766,6,68,101276,896,42,6,72867,26.62,1543277446,92,182
2018-11-27 08:11:00+08:00,-2,-1,4.65,55.5,9.8,130,18674,176,60,764,6,68,101266,638,28,5,72867,26.47,1543277462,92,182
2018-11-27 08:11:15+08:00,-2,-1,6.94,54.5,9.13,130,18904,150,76,753,6,68,101237,838,32,5,72867,26.34,1543277480,92,182
2018-11-27 08:11:30+08:00,-2,-1,7.1,54,8.24,130,18610,168,80,757,6,68,101235,756,33,4,72867,26.23,1543277496,92,182
2018-11-27 08:11:45+08:00,-2,-1,9.39,53.5,8.02,120,21126,443,115,746,6,66,101206,1287,78,9,72867,26.11,1543277511,92,182
2018-11-27 08:12:00+08:00,-2,-1,13.65,53,7.91,120,19592,246,72,760,6,66,101152,819,40,5,72867,25.96,1543277527,92,182
2018-11-27 08:12:15+08:00,-2,-1,14.91,52.5,7.63,120,20912,379,131,759,6,65,101136,1347,73,8,72867,25.84,1543277543,92,182
2018-11-27 08:12:30+08:00,-2,-1,17.36,52.5,8.08,70,19871,249,78,702,6,65,101105,937,47,5,72867,25.7,1543277561,92,182
2018-11-27 08:12:45+08:00,-2,-1,20.92,52,7.36,120,19288,215,82,712,6,68,101060,785,43,7,72867,25.58,1543277577,92,182
2018-11-27 08:13:00+08:00,-2,-1,21.31,52,7.19,110,22163,373,135,716,6,67,101055,1506,82,13,72867,25.48,1543277593,92,182
2018-11-27 08:13:15+08:00,-2,-1,22.73,51.5,6.91,120,19143,251,93,758,6,68,101037,914,47,6,72867,25.35,1543277609,92,182
2018-11-27 08:13:30+08:00,,,,,,,,,,,,,,,,,,,,,
2018-11-27 08:13:45+08:00,-2,-1,15.39,51.5,7.86,110,19796,349,300,826,6,63,101130,714,16,5,72867,25.22,1543277625,92,182
2018-11-27 08:14:00+08:00,-2,-1,17.28,51.5,8.13,180,18943,231,81,618,6,60,101106,801,37,6,72867,25.12,1543277640,92,182
2018-11-27 08:14:15+08:00,-2,-1,18.07,51.5,8.08,130,18651,140,52,839,6,58,101096,436,24,4,72867,25,1543277657,92,182
2018-11-27 08:14:30+08:00,-2,-1,17.6,52,7.47,130,18948,147,53,826,6,60,101102,557,27,11,72867,24.93,1543277673,92,182
2018-11-27 08:14:45+08:00,-2,-1,16.41,51.5,7.02,120,18332,144,58,734,6,58,101117,508,28,7,72867,24.82,1543277691,92,182
2018-11-27 08:15:00+08:00,-2,-1,15.07,51.5,7.8,120,18609,285,107,719,6,62,101134,697,60,6,72867,24.7,1543277707,92,182
2018-11-27 08:15:15+08:00,-2,-1,12.94,51.5,8.02,130,19263,291,114,836,6,70,101161,850,66,5,72867,24.6,1543277723,92,182
2018-11-27 08:15:30+08:00,-2,-1,20.52,51.5,7.58,120,21099,561,158,816,6,64,101065,1272,94,43,72867,24.5,1543277739,92,182
2018-11-27 08:15:45+08:00,-2,-1,19.18,51,7.52,120,18227,113,53,835,6,53,101082,486,21,5,72867,24.42,1543277755,92,182
2018-11-27 08:16:00+08:00,-2,-1,19.1,51,6.74,130,18167,117,72,834,6,50,101083,583,28,4,72867,24.28,1543277773,92,182
2018-11-27 08:16:15+08:00,-2,-1,21.47,51,7.47,130,19362,260,111,823,6,64,101053,826,50,49,72867,24.23,1543277789,92,182
2018-11-27 08:16:30+08:00,,,,,,,,,,,,,,,,,,,,,
2018-11-27 08:16:45+08:00,-2,-1,15.39,51,7.47,80,18520,185,58,805,6,57,101130,559,32,5,72867,24.11,1543277805,92,182
2018-11-27 08:17:00+08:00,-2,-1,8.83,51,7.52,60,20299,537,150,826,6,65,101213,1221,92,5,72867,24.02,1543277823,92,182
2018-11-27 08:17:15+08:00,-2,-1,2.21,51,7.36,130,21370,448,168,677,6,67,101297,1421,85,89,72867,23.91,1543277839,92,182
2018-11-27 08:17:30+08:00,-2,-1,8.99,51,7.52,130,24630,636,230,808,6,65,101211,1918,134,37,72867,23.86,1543277854,92,182
2018-11-27 08:17:45+08:00,-2,-1,12.54,50.5,7.91,110,19192,354,123,782,6,64,101166,721,69,10,72867,23.77,1543277871,92,182
2018-11-27 08:18:00+08:00,-2,-1,23.45,50.5,7.74,10,20173,679,170,826,6,67,101028,1436,109,13,72867,23.67,1543277887,92,182
2018-11-27 08:18:15+08:00,-2,-1,13.81,50.5,7.97,140,22047,425,143,806,6,65,101150,1649,90,59,72867,23.59,1543277905,92,182
2018-11-27 08:18:30+08:00,-2,-1,13.57,50.5,7.13,140,20099,463,164,839,6,63,101153,1148,87,27,72867,23.49,1543277921,92,182
2018-11-27 08:18:45+08:00,-2,-1,13.89,50.5,7.02,130,21679,1035,301,826,6,65,101149,1367,214,12,72867,23.39,1543277937,92,182
2018-11-27 08:19:00+08:00,-2,-1,8.05,50.5,7.52,130,20714,623,198,829,6,56,101223,1317,117,10,72867,23.36,1543277953,92,182
2018-11-27 08:19:15+08:00,-2,-1,7.81,50.5,7.58,110,19807,388,147,857,6,67,101226,822,93,7,72867,23.27,1543277969,92,182
2018-11-27 08:19:30+08:00,,,,,,,,,,,,,,,,,,,,,
2018-11-27 08:19:45+08:00,-2,-1,10.97,50.5,6.85,140,19080,457,178,847,6,64,101186,833,87,9,72867,23.2,1543277987,92,182
2018-11-27 08:20:00+08:00,-2,-1,5.36,50.5,6.91,120,18955,411,127,842,6,63,101257,893,64,11,72867,23.1,1543278003,92,182
2018-11-27 08:20:15+08:00,-2,-1,15.23,51,7.58,140,19049,256,96,755,6,64,101132,890,48,61,72867,23.05,1543278019,92,182
2018-11-27 08:20:30+08:00,-2,-1,10.41,51,7.02,130,20708,683,188,768,6,64,101193,1305,141,94,72867,22.97,1543278037,92,182
2018-11-27 08:20:45+08:00,-2,-1,8.2,51,6.8,90,20324,390,129,815,6,62,101221,868,67,7,72867,22.88,1543278053,92,182
2018-11-27 08:21:00+08:00,-2,-1,9.23,50.5,6.69,100,19947,442,118,832,6,69,101208,900,71,6,72867,22.8,1543278068,92,182
2018-11-27 08:21:15+08:00,-2,-1,17.99,51,6.13,140,22353,487,139,814,6,66,101097,1767,80,183,72867,22.75,1543278085,92,182
2018-11-27 08:21:30+08:00,-2,-1,24.47,51,6.91,120,18708,408,137,841,6,62,101015,763,82,9,72867,22.68,1543278101,92,182
2018-11-27 08:21:45+08:00,-2,-1,27.4,51,6.91,130,21804,1257,308,837,6,66,100978,2269,250,7,72867,22.61,1543278119,92,182
2018-11-27 08:22:00+08:00,,,,,,,,,,,,,,,,,,,,,
2018-11-27 08:22:15+08:00,-2,-1,25.82,50.5,7.19,150,21481,785,226,834,6,68,100998,1642,149,4,72867,22.54,1543278135,92,182
2018-11-27 08:22:30+08:00,-2,-1,31.75,50.5,7.24,180,20545,536,236,812,6,68,100923,1164,122,13,72867,22.49,1543278150,92,182
2018-11-27 08:22:45+08:00,-2,-1,23.84,50.5,6.91,160,19381,437,174,827,6,69,101023,890,98,5,72867,22.43,1543278167,92,182
2018-11-27 08:23:00+08:00,-2,-1,25.98,51,7.3,170,18891,332,116,809,6,68,100996,697,63,6,72867,22.35,1543278183,92,182
2018-11-27 08:23:15+08:00,-2,-1,24,50.5,7.36,130,23045,628,249,786,6,66,101021,1766,153,5,72867,22.28,1543278201,92,182
2018-11-27 08:23:30+08:00,-2,-1,16.26,50.5,7.52,210,26924,771,225,867,6,72,101119,2514,162,67,72867,22.2,1543278217,92,182
2018-11-27 08:23:45+08:00,-2,-1,20.84,51,7.58,180,22641,632,244,825,6,71,101061,2013,148,80,72867,22.17,1543278233,92,182
2018-11-27 08:24:00+08:00,-2,-1,27.95,51.5,8.19,150,20400,224,121,861,6,72,100971,1391,37,72,72867,22.11,1543278251,92,182
2018-11-27 08:24:15+08:00,-2,-1,14.6,51,8.02,230,19870,769,241,759,6,72,101140,907,173,61,72867,22.08,1543278267,92,182
2018-11-27 08:24:30+08:00,-2,-1,5.99,51.5,7.24,160,21312,1212,256,744,6,69,101249,1458,198,6,72867,22.02,1543278282,92,182
2018-11-27 08:24:45+08:00,-2,-1,9.86,51,7.8,220,21735,866,236,779,6,75,101200,2154,184,59,72867,21.96,1543278298,92,182
2018-11-27 08:25:00+08:00,-2,-1,12.54,51,7.63,220,19270,227,98,907,6,68,101166,841,45,34,72867,21.94,1543278314,92,182
2018-11-27 08:25:15+08:00,,,,,,,,,,,,,,,,,,,,,
2018-11-27 08:25:30+08:00,-2,-1,4.65,51,6.8,160,21164,437,134,804,6,64,101266,1686,59,31,72867,21.87,1543278332,92,182
2018-11-27 08:25:45+08:00,-2,-1,4.42,51,7.58,170,18783,209,77,784,6,63,101269,891,37,5,72867,21.82,1543278348,92,182
2018-11-27 08:26:00+08:00,-2,-1,4.18,51,7.47,170,24223,896,239,782,6,61,101272,2020,182,8,72867,21.79,1543278364,92,182
2018-11-27 08:26:15+08:00,-2,-1,3.79,51,7.02,260,21656,535,190,814,6,66,101277,1560,119,32,72867,21.73,1543278380,92,182
2018-11-27 08:26:30+08:00,-2,-1,3.08,51,8.02,250,19257,709,137,790,6,59,101286,794,114,151,72867,21.7,1543278396,92,182
2018-11-27 08:26:45+08:00,-2,-1,3.23,51,7.47,190,18770,118,46,724,6,70,101284,517,22,5,72867,21.64,1543278414,92,182
2018-11-27 08:27:00+08:00,-2,-1,3,51,7.58,160,18695,120,55,746,6,57,101287,596,24,5,72867,21.6,1543278430,92,182
2018-11-27 08:27:15+08:00,-2,-1,2.84,51,7.52,140,19907,690,190,805,6,54,101289,919,89,17,72867,21.57,1543278446,92,182
2018-11-27 08:27:30+08:00,-2,-1,3,60,17.25,530,32767,10766,4227,874,3,63,101287,4634,1597,73,72893,21.64,1543278464,92,182
2018-11-27 08:27:45+08:00,,,,,,,,,,,,,,,,,,,,,
2018-11-27 08:28:00+08:00,-2,-1,3.71,76.5,15.75,270,32767,12587,6128,798,3,60,101278,4634,2896,99,72941,21.77,1543278480,92,182
2018-11-27 08:28:15+08:00,-2,-1,2.92,86,17.36,770,32767,16237,5858,635,2,53,101288,4634,3084,91,73015,21.99,1543278496,92,182
2018-11-27 08:28:30+08:00,-2,-1,3.63,91.5,20.09,100,32767,10744,5555,881,2,53,101279,4634,1785,71,73071,22.19,1543278512,92,182
2018-11-27 08:28:45+08:00,-2,-1,2.52,93.5,18.36,0,17021,3081,1244,576,3,54,101293,243,877,64,73071,22.32,1543278528,92,182
2018-11-27 08:29:00+08:00,-2,-1,3.15,93.5,20.14,150,32767,21455,4894,784,3,63,101285,4634,3047,85,73090,22.53,1543278546,92,182
2018-11-27 08:29:15+08:00,-2,-1,2.52,95,20.42,0,32767,14489,5019,544,3,65,101293,4634,2846,55,73122,22.71,1543278562,92,182
2018-11-27 08:29:30+08:00,-2,-1,2.6,96.5,23.04,50,32767,6532,2699,925,3,68,101292,3324,1583,12,73164,22.88,1543278578,92,182
2018-11-27 08:29:45+08:00,-2,-1,3.23,97,21.48,180,17373,1954,1153,922,3,64,101284,398,476,9,73164,23.08,1543278594,92,182
2018-11-27 08:30:00+08:00,-2,-1,2.92,97.5,22.03,20,17705,1979,1235,907,6,72,101288,432,419,8,73164,23.27,1543278610,92,182
2018-11-27 08:30:15+08:00,-2,-1,3.23,98,23.2,70,18055,4091,2598,889,6,60,101284,681,1027,21,73164,23.51,1543278628,92,182
2018-11-27 08:30:30+08:00,-2,-1,2.44,98.5,21.59,0,22176,5904,3063,551,6,62,101294,1396,1261,155,73164,23.71,1543278644,92,182
2018-11-27 08:30:45+08:00,,,,,,,,,,,,,,,,,,,,,
2018-11-27 08:31:00+08:00,-2,-1,2.76,99,22.15,20,16634,190,147,828,6,62,101290,87,24,5,73164,23.94,1543278660,92,182
2018-11-27 08:31:15+08:00,-2,-1,2.92,99,19.03,540,18245,3642,2271,584,6,62,101288,565,914,64,73164,24.16,1543278678,92,182
2018-11-27 08:31:30+08:00,-2,-1,2.52,99,22.37,240,32767,12165,6030,704,3,77,101293,4634,2429,108,73174,24.3,1543278694,92,182
2018-11-27 08:31:45+08:00,-2,-1,1.97,98.5,22.09,60,32767,17649,12247,605,3,64,101300,4634,3674,178,73174,24.43,1543278709,92,182
2018-11-27 08:32:00+08:00,-2,-1,2.13,97.5,21.87,20,32767,32767,7024,935,3,68,101298,4634,4634,15,73174,24.58,1543278726,92,182
2018-11-27 08:32:15+08:00,-2,-1,2.37,96,21.37,0,17307,28,25,859,3,68,101295,101,1,4,73174,24.68,1543278742,92,182
2018-11-27 08:32:30+08:00,-2,-1,2.29,94,20.87,0,17347,28,24,858,6,68,101296,92,1,4,73174,24.84,1543278760,92,182
2018-11-27 08:32:45+08:00,-2,-1,2.76,92,20.7,0,17383,28,25,857,6,60,101290,95,1,5,73174,24.94,1543278776,92,182
2018-11-27 08:33:00+08:00,-2,-1,2.52,90.5,20.42,0,17321,27,24,858,1,72,101293,104,1,4,73174,25.02,1543278792,92,182
2018-11-27 08:33:15+08:00,-2,-1,1.97,89.5,20.25,0,17361,28,24,859,1,72,101300,100,1,5,73174,25.11,1543278808,92,182
2018-11-27 08:33:30+08:00,,,,,,,,,,,,,,,,,,,,,
2018-11-27 08:33:45+08:00,,,,,,,,,,,,,,,,,,,,,
2018-11-27 08:34:00+08:00,,,,,,,,,,,,,,,,,,,,,
2018-11-27 08:34:15+08:00,-2,-1,2.6,89,20.48,0,17360,27,25,855,1,64,101292,98,1,19,73174,25.46,1543278865,92,182
2018-11-27 08:34:30+08:00,-2,-1,2.92,88,20.2,0,17370,27,25,857,1,76,101288,121,0,5,73174,25.54,1543278880,92,182
2018-11-27 08:34:45+08:00,-2,-1,3,87.5,20.09,0,17294,28,25,857,1,70,101287,92,1,4,73174,25.61,1543278897,92,182
2018-11-27 08:35:00+08:00,-2,-1,3,87,19.7,0,17285,28,24,857,1,67,101287,110,1,4,73174,25.7,1543278913,92,182
2018-11-27 08:35:15+08:00,,,,,,,,,,,,,,,,,,,,,
2018-11-27 08:35:30+08:00,-2,-1,2.84,86.5,19.48,0,17281,28,24,858,1,74,101289,93,1,5,73174,25.75,1543278931,92,182
2018-11-27 08:35:45+08:00,-2,-1,2.6,86,19.59,0,17386,28,24,857,1,69,101292,98,1,5,73174,25.82,1543278947,92,182
2018-11-27 08:36:00+08:00,-2,-1,2.92,85.5,19.7,0,17349,27,24,857,1,68,101288,107,1,4,73174,25.9,1543278963,92,182
2018-11-27 08:36:15+08:00,-2,-1,3.15,85.5,19.7,0,17310,27,24,858,1,62,101285,96,1,5,73174,25.96,1543278979,92,182
2018-11-27 08:36:30+08:00,-2,-1,3,85.5,19.64,0,17332,27,25,857,1,75,101287,99,1,6,73174,26.03,1543278995,92,182
2018-11-27 08:36:45+08:00,-2,-1,2.52,85.5,20.03,0,17313,28,24,858,1,64,101293,100,1,4,73174,26.09,1543279013,92,182
2018-11-27 08:37:00+08:00,-2,-1,3.08,85.5,19.81,0,17306,28,24,857,1,65,101286,99,1,5,73174,26.14,1543279029,92,182
2018-11-27 08:37:15+08:00,-2,-1,2.6,85.5,20.42,0,17325,27,24,858,1,60,101292,101,1,5,73174,26.23,1543279045,92,182
2018-11-27 08:37:30+08:00,-2,-1,2.29,86.5,20.09,0,17275,28,24,857,1,67,101296,94,1,4,73174,26.28,1543279063,92,182
2018-11-27 08:37:45+08:00,-2,-1,2.29,86,20.2,0,17326,27,24,856,1,67,101296,90,1,4,73174,26.34,1543279079,92,182
2018-11-27 08:38:00+08:00,-2,-1,2.76,85.5,19.75,0,17388,28,24,857,1,63,101290,109,1,5,73174,26.4,1543279094,92,182
2018-11-27 08:38:15+08:00,,,,,,,,,,,,,,,,,,,,,
2018-11-27 08:38:30+08:00,-2,-1,2.13,85,19.81,0,17320,28,24,856,1,71,101298,94,1,5,73174,26.44,1543279111,92,182
2018-11-27 08:38:45+08:00,-2,-1,2.13,84.5,19.98,0,17312,27,24,858,1,63,101298,105,1,5,73174,26.47,1543279127,92,182
2018-11-27 08:39:00+08:00,-2,-1,2.84,84.5,19.64,0,17274,27,24,858,1,74,101289,94,1,5,73174,26.53,1543279145,92,182
2018-11-27 08:39:15+08:00,,,,,,,,,,,,,,,,,,,,,
2018-11-27 08:39:30+08:00,,,,,,,,,,,,,,,,,,,,,
2018-11-27 08:39:45+08:00,,,,,,,,,,,,,,,,,,,,,
2018-11-27 08:40:00+08:00,,,,,,,,,,,,,,,,,,,,,
2018-11-27 08:40:15+08:00,,,,,,,,,,,,,,,,,,,,,
2018-11-27 08:40:30+08:00,,,,,,,,,,,,,,,,,,,,,
2018-11-27 08:40:45+08:00,,,,,,,,,,,,,,,,,,,,,
2018-11-27 08:41:00+08:00,,,,,,,,,,,,,,,,,,,,,
2018-11-27 08:41:15+08:00,,,,,,,,,,,,,,,,,,,,,
2018-11-27 08:41:30+08:00,,,,,,,,,,,,,,,,,,,,,
2018-11-27 08:41:45+08:00,,,,,,,,,,,,,,,,,,,,,
2018-11-27 08:42:00+08:00,,,,,,,,,,,,,,,,,,,,,
2018-11-27 08:42:15+08:00,,,,,,,,,,,,,,,,,,,,,
2018-11-27 08:42:30+08:00,,,,,,,,,,,,,,,,,,,,,
2018-11-27 08:42:45+08:00,,,,,,,,,,,,,,,,,,,,,
2018-11-27 08:43:00+08:00,,,,,,,,,,,,,,,,,,,,,
2018-11-27 08:43:15+08:00,,,,,,,,,,,,,,,,,,,,,
2018-11-27 08:43:30+08:00,,,,,,,,,,,,,,,,,,,,,
2018-11-27 08:43:45+08:00,,,,,,,,,,,,,,,,,,,,,
2018-11-27 08:44:00+08:00,,,,,,,,,,,,,,,,,,,,,
2018-11-27 08:44:15+08:00,,,,,,,,,,,,,,,,,,,,,
2018-11-27 08:44:30+08:00,,,,,,,,,,,,,,,,,,,,,
2018-11-27 08:44:45+08:00,,,,,,,,,,,,,,,,,,,,,
2018-11-27 08:45:00+08:00,,,,,,,,,,,,,,,,,,,,,
2018-11-27 08:45:15+08:00,,,,,,,,,,,,,,,,,,,,,
2018-11-27 08:45:30+08:00,,,,,,,,,,,,,,,,,,,,,
2018-11-27 08:45:45+08:00,,,,,,,,,,,,,,,,,,,,,
2018-11-27 08:46:00+08:00,,,,,,,,,,,,,,,,,,,,,
2018-11-27 08:46:15+08:00,,,,,,,,,,,,,,,,,,,,,
2018-11-27 08:46:30+08:00,,,,,,,,,,,,,,,,,,,,,
2018-11-27 08:46:45+08:00,,,,,,,,,,,,,,,,,,,,,
2018-11-27 08:47:00+08:00,,,,,,,,,,,,,,,,,,,,,
2018-11-27 08:47:15+08:00,,,,,,,,,,,,,,,,,,,,,
2018-11-27 08:47:30+08:00,,,,,,,,,,,,,,,,,,,,,
2018-11-27 08:47:45+08:00,,,,,,,,,,,,,,,,,,,,,
2018-11-27 08:48:00+08:00,,,,,,,,,,,,,,,,,,,,,
2018-11-27 08:48:15+08:00,-2,-1,3.08,82,19.7,0,32767,12568,5817,506,3,71,101286,4634,2728,57,73182,27.12,1543279700,92,182
2018-11-27 08:48:30+08:00,-2,-1,2.92,82,19.37,290,27213,9825,3422,881,3,75,101288,3507,1893,31,73201,27.16,1543279715,92,182
2018-11-27 08:48:45+08:00,-2,-1,3,82,20.03,30,20558,3679,1946,956,3,72,101287,1918,697,28,73201,27.18,1543279730,92,182
2018-11-27 08:49:00+08:00,-2,-1,3,82,19.48,40,32767,11892,4014,642,3,62,101287,4315,2088,59,73226,27.22,1543279747,92,182
2018-11-27 08:49:15+08:00,-2,-1,3.86,76.5,15.31,20,32767,3339,1483,951,3,64,101276,3804,871,28,73239,27.19,1543279763,92,182
2018-11-27 08:49:30+08:00,-2,-1,3.86,67,10.3,0,32767,21777,11535,661,3,65,101276,4634,4634,77,73247,27.15,1543279781,92,182
2018-11-27 08:49:45+08:00,-2,-1,3.63,64,16.42,0,17146,31,24,638,3,50,101279,93,1,4,73247,27.08,1543279797,92,182
2018-11-27 08:50:00+08:00,-2,-1,3.39,66,16.75,0,17123,28,24,635,6,48,101282,90,1,4,73247,27.06,1543279813,92,182
2018-11-27 08:50:15+08:00,-2,-1,3.39,67,17.03,0,17063,28,24,628,6,48,101282,85,1,5,73247,27.04,1543279829,92,182
2018-11-27 08:50:30+08:00,,,,,,,,,,,,,,,,,,,,,
2018-11-27 08:50:45+08:00,,,,,,,,,,,,,,,,,,,,,
2018-11-27 08:51:00+08:00,,,,,,,,,,,,,,,,,,,,,
2018-11-27 08:51:15+08:00,-2,-1,3.23,66.5,18.03,0,17163,27,24,622,1,54,101284,98,1,4,73247,27.03,1543279885,92,182
2018-11-27 08:51:30+08:00,-2,-1,3.86,66,17.36,0,17141,33,24,618,1,60,101276,87,2,5,73247,27.04,1543279901,92,182
2018-11-27 08:51:45+08:00,-2,-1,3.39,66.5,17.98,0,17134,30,25,617,1,52,101282,91,1,5,73247,27.05,1543279916,92,182
2018-11-27 08:52:00+08:00,-2,-1,3,66.5,17.7,0,17068,28,24,615,1,49,101287,94,1,5,73247,27.06,1543279933,92,182
2018-11-27 08:52:15+08:00,-2,-1,3.23,66.5,17.7,0,17108,27,24,615,1,49,101284,98,1,4,73247,27.07,1543279949,92,182
2018-11-27 08:52:30+08:00,,,,,,,,,,,,,,,,,,,,,
2018-11-27 08:52:45+08:00,-2,-1,3,66,17.75,0,17225,30,24,614,1,51,101287,96,2,5,73247,27.09,1543279967,92,182
2018-11-27 08:53:00+08:00,-2,-1,3.63,66.5,18.36,0,17163,30,24,613,1,51,101279,96,1,4,73247,27.13,1543279983,92,182
2018-11-27 08:53:15+08:00,-2,-1,3.47,66.5,17.7,0,17174,28,24,614,1,57,101281,85,1,4,73247,27.16,1543279998,92,182
2018-11-27 08:53:30+08:00,-2,-1,3.47,66.5,17.92,0,17126,38,25,614,1,55,101281,96,5,4,73247,27.17,1543280015,92,182
2018-11-27 08:53:45+08:00,-2,-1,3.47,66.5,18.31,0,17135,27,24,612,1,51,101281,105,1,5,73247,27.2,1543280031,92,182
2018-11-27 08:54:00+08:00,-2,-1,2.84,66,18.14,0,17119,28,24,614,1,53,101289,92,1,5,73247,27.21,1543280049,92,182
2018-11-27 08:54:15+08:00,-2,-1,3.08,65.5,18.2,0,17091,28,24,613,1,57,101286,88,1,5,73247,27.26,1543280065,92,182
2018-11-27 08:54:30+08:00,-2,-1,3.55,65,18.14,0,17156,29,24,605,1,53,101280,99,2,5,73247,27.28,1543280080,92,182
2018-11-27 08:54:45+08:00,-2,-1,3.55,65,17.98,0,17160,30,23,605,1,59,101280,106,2,5,73247,27.31,1543280096,92,182
2018-11-27 08:55:00+08:00,-2,-1,3.39,64.5,18.2,0,17206,26,24,605,1,56,101282,107,1,5,73247,27.34,1543280112,92,182
2018-11-27 08:55:15+08:00,-2,-1,3.39,64.5,18.03,0,17109,28,24,604,1,51,101282,103,1,5,73247,27.34,1543280127,92,182
2018-11-27 08:55:30+08:00,-2,-1,3.63,64.5,18.25,0,17134,32,24,606,1,51,101279,92,2,4,73247,27.39,1543280144,92,182
2018-11-27 08:55:45+08:00,,,,,,,,,,,,,,,,,,,,,
2018-11-27 08:56:00+08:00,-2,-1,3.63,64,18.42,0,17212,30,24,605,1,53,101279,96,2,5,73247,27.43,1543280160,92,182
2018-11-27 08:56:15+08:00,-2,-1,3.86,63.5,18.2,0,17210,27,24,605,1,51,101276,110,1,5,73247,27.44,1543280178,92,182
2018-11-27 08:56:30+08:00,-2,-1,3.63,63.5,18.42,0,17126,26,24,605,1,51,101279,98,1,5,73247,27.49,1543280194,92,182
2018-11-27 08:56:45+08:00,-2,-1,3.47,63.5,18.59,0,17238,27,23,606,1,52,101281,99,1,5,73247,27.48,1543280210,92,182
2018-11-27 08:57:00+08:00,,,,,,,,,,,,,,,,,,,,,
2018-11-27 08:57:15+08:00,,,,,,,,,,,,,,,,,,,,,
2018-11-27 08:57:30+08:00,,,,,,,,,,,,,,,,,,,,,
2018-11-27 08:57:45+08:00,,,,,,,,,,,,,,,,,,,,,
2018-11-27 08:58:00+08:00,,,,,,,,,,,,,,,,,,,,,
2018-11-27 08:58:15+08:00,,,,,,,,,,,,,,,,,,,,,
2018-11-27 08:58:30+08:00,,,,,,,,,,,,,,,,,,,,,
2018-11-27 08:58:45+08:00,,,,,,,,,,,,,,,,,,,,,
2018-11-27 08:59:00+08:00,,,,,,,,,,,,,,,,,,,,,
2018-11-27 08:59:15+08:00,,,,,,,,,,,,,,,,,,,,,
2018-11-27 08:59:30+08:00,,,,,,,,,,,,,,,,,,,,,
2018-11-27 08:59:45+08:00,,,,,,,,,,,,,,,,,,,,,
2018-11-27 09:00:00+08:00,,,,,,,,,,,,,,,,,,,,,
2018-11-27 09:00:15+08:00,,,,,,,,,,,,,,,,,,,,,
2018-11-27 09:00:30+08:00,,,,,,,,,,,,,,,,,,,,,
2018-11-27 09:00:45+08:00,,,,,,,,,,,,,,,,,,,,,
2018-11-27 09:01:00+08:00,,,,,,,,,,,,,,,,,,,,,
2018-11-27 09:01:15+08:00,,,,,,,,,,,,,,,,,,,,,
2018-11-27 09:01:30+08:00,,,,,,,,,,,,,,,,,,,,,
2018-11-27 09:01:45+08:00,,,,,,,,,,,,,,,,,,,,,
2018-11-27 09:02:00+08:00,,,,,,,,,,,,,,,,,,,,,
2018-11-27 09:02:15+08:00,,,,,,,,,,,,,,,,,,,,,
2018-11-27 09:02:30+08:00,,,,,,,,,,,,,,,,,,,,,
2018-11-27 09:02:45+08:00,,,,,,,,,,,,,,,,,,,,,
2018-11-27 09:03:00+08:00,,,,,,,,,,,,,,,,,,,,,
2018-11-27 09:03:15+08:00,,,,,,,,,,,,,,,,,,,,,
2018-11-27 09:03:30+08:00,,,,,,,,,,,,,,,,,,,,,
2018-11-27 09:03:45+08:00,,,,,,,,,,,,,,,,,,,,,
2018-11-27 09:04:00+08:00,-2,-1,4.57,61,17.7,0,17023,53,31,630,1,51,101267,107,8,5,73247,27.76,1543280640,92,182
2018-11-27 09:04:15+08:00,-2,-1,4.81,61.5,18.09,0,17162,28,24,579,1,46,101264,108,1,6,73247,27.77,1543280655,92,182
2018-11-27 09:04:30+08:00,-2,-1,4.42,62,18.48,0,17256,31,24,579,1,48,101269,114,2,4,73247,27.8,1543280671,92,182
2018-11-27 09:04:45+08:00,-2,-1,4.89,62.5,19.03,0,17181,28,23,578,1,47,101263,99,1,5,73247,27.86,1543280689,92,182
2018-11-27 09:05:00+08:00,-2,-1,3.63,63,18.75,0,17146,57,30,578,1,47,101279,95,8,5,73247,27.87,1543280705,92,182
2018-11-27 09:05:15+08:00,-2,-1,4.5,63,18.81,0,17226,27,23,576,1,62,101268,103,1,4,73247,27.89,1543280720,92,182
2018-11-27 09:05:30+08:00,-2,-1,4.73,63,18.81,0,17199,27,23,577,1,49,101265,104,1,4,73247,27.94,1543280736,92,182
2018-11-27 09:05:45+08:00,-2,-1,4.34,63,18.75,0,17238,26,23,576,1,60,101270,102,1,5,73247,27.96,1543280752,92,182
2018-11-27 09:06:00+08:00,-2,-1,4.73,63,19.03,0,17172,27,23,575,1,62,101265,104,1,5,73247,27.97,1543280770,92,182
2018-11-27 09:06:15+08:00,-2,-1,4.73,63,19.25,0,17146,27,23,575,1,57,101265,98,1,5,73247,28.02,1543280786,92,182
2018-11-27 09:06:30+08:00,,,,,,,,,,,,,,,,,,,,,
2018-11-27 09:06:45+08:00,,,,,,,,,,,,,,,,,,,,,
2018-11-27 09:07:00+08:00,,,,,,,,,,,,,,,,,,,,,
2018-11-27 09:07:15+08:00,,,,,,,,,,,,,,,,,,,,,
2018-11-27 09:07:30+08:00,,,,,,,,,,,,,,,,,,,,,
2018-11-27 09:07:45+08:00,,,,,,,,,,,,,,,,,,,,,
2018-11-27 09:08:00+08:00,,,,,,,,,,,,,,,,,,,,,
2018-11-27 09:08:15+08:00,,,,,,,,,,,,,,,,,,,,,
2018-11-27 09:08:30+08:00,,,,,,,,,,,,,,,,,,,,,
2018-11-27 09:08:45+08:00,,,,,,,,,,,,,,,,,,,,,
2018-11-27 09:09:00+08:00,-2,-1,4.57,63,18.36,0,17266,245,116,504,1,53,101267,139,66,14,73247,28.12,1543280942,92,182
2018-11-27 09:09:15+08:00,-2,-1,4.97,63,18.03,0,17202,34,26,448,1,65,101262,89,2,5,73247,28.16,1543280960,92,182
2018-11-27 09:09:30+08:00,-2,-1,4.81,63.5,18.7,0,17185,28,24,447,1,58,101264,96,1,5,73247,28.19,1543280976,92,182
2018-11-27 09:09:45+08:00,-2,-1,4.81,63.5,18.48,0,17164,27,23,448,1,60,101264,91,1,4,73247,28.22,1543280991,92,182
2018-11-27 09:10:00+08:00,-2,-1,4.65,64,18.98,0,17212,27,24,452,1,55,101266,110,1,5,73247,28.26,1543281008,92,182
2018-11-27 09:10:15+08:00,-2,-1,4.65,64,19.31,0,17216,29,23,451,1,48,101266,100,2,5,73247,28.29,1543281024,92,182
2018-11-27 09:10:30+08:00,-2,-1,5.13,64,18.92,0,17141,29,24,450,1,48,101260,85,1,4,73247,28.32,1543281042,92,182
2018-11-27 09:10:45+08:00,-2,-1,4.89,64,18.81,0,17257,28,24,450,1,57,101263,112,1,5,73247,28.35,1543281058,92,182
2018-11-27 09:11:00+08:00,-2,-1,3.86,64,19.03,0,17169,27,23,451,1,47,101276,85,1,5,73247,28.37,1543281074,92,182
2018-11-27 09:11:15+08:00,,,,,,,,,,,,,,,,,,,,,
2018-11-27 09:11:30+08:00,-2,-1,4.73,64,19.09,0,17215,26,23,452,1,53,101265,88,1,4,73247,28.42,1543281090,92,182
2018-11-27 09:11:45+08:00,-2,-1,4.73,64,19.14,0,17185,27,23,452,1,57,101265,94,1,5,73247,28.42,1543281106,92,182
2018-11-27 09:12:00+08:00,-2,-1,4.34,64,19.14,0,17287,26,23,452,1,61,101270,94,1,5,73247,28.47,1543281124,92,182
2018-11-27 09:12:15+08:00,-2,-1,3.94,64,19.2,0,17186,29,23,454,1,53,101275,93,2,5,73247,28.5,1543281140,92,182
2018-11-27 09:12:30+08:00,-2,-1,4.97,64,19.64,0,17149,27,23,452,1,54,101262,87,1,4,73247,28.53,1543281156,92,182
2018-11-27 09:12:45+08:00,-2,-1,4.34,63.5,19.09,0,17210,28,23,453,1,57,101270,102,1,4,73247,28.56,1543281174,92,182
2018-11-27 09:13:00+08:00,-2,-1,4.57,63.5,18.86,0,17181,81,36,516,1,56,101267,94,20,5,73247,28.6,1543281190,92,182
2018-11-27 09:13:15+08:00,-2,-1,4.42,63,18.42,0,17109,789,321,653,1,58,101269,306,154,5,73247,28.6,1543281205,92,182
2018-11-27 09:13:30+08:00,-2,-1,3.79,59.5,17.86,0,16684,26,23,674,1,59,101277,80,1,4,73247,28.61,1543281222,92,182
2018-11-27 09:13:45+08:00,-2,-1,4.42,57,17.64,0,16748,49,26,677,1,48,101269,91,4,5,73247,28.59,1543281238,92,182
2018-11-27 09:14:00+08:00,,,,,,,,,,,,,,,,,,,,,
2018-11-27 09:14:15+08:00,-2,-1,4.18,55.5,17.92,0,16739,27,24,678,1,54,101272,81,1,5,73247,28.55,1543281256,92,182
2018-11-27 09:14:30+08:00,-2,-1,3.94,54.5,17.92,0,16697,27,24,679,1,58,101275,78,1,4,73247,28.51,1543281272,92,182
2018-11-27 09:14:45+08:00,-2,-1,3.94,54,18.14,0,16698,27,24,678,1,62,101275,73,1,4,73247,28.46,1543281287,92,182
2018-11-27 09:15:00+08:00,-2,-1,3.31,53.5,18.09,0,16779,27,24,677,1,48,101283,87,1,5,73247,28.44,1543281304,92,182
2018-11-27 09:15:15+08:00,-2,-1,4.18,53,18.09,0,16802,27,24,679,1,55,101272,82,1,5,73247,28.38,1543281320,92,182
2018-11-27 09:15:30+08:00,-2,-1,4.1,53,17.75,0,16784,28,23,679,1,60,101273,87,1,4,73247,28.33,1543281338,92,182
2018-11-27 09:15:45+08:00,-2,-1,4.26,52.5,18.03,0,16776,27,24,680,1,50,101271,79,0,4,73247,28.29,1543281354,92,182
2018-11-27 09:16:00+08:00,-2,-1,3.47,52.5,17.75,0,16778,26,24,680,1,56,101281,78,1,6,73247,28.23,1543281370,92,182
2018-11-27 09:16:15+08:00,-2,-1,3.86,52,17.98,0,16758,28,24,680,1,56,101276,76,1,5,73247,28.17,1543281388,92,182
2018-11-27 09:16:30+08:00,-2,-1,3.79,52,18.09,0,16737,27,23,681,1,53,101277,84,1,5,73247,28.12,1543281404,92,182
2018-11-27 09:16:45+08:00,-2,-1,3.55,52,17.86,0,16773,27,23,680,1,58,101280,89,1,5,73247,28.09,1543281419,92,182
2018-11-27 09:17:00+08:00,,,,,,,,,,,,,,,,,,,,,
2018-11-27 09:17:15+08:00,-2,-1,3.31,51.5,17.81,0,16767,28,23,680,1,57,101283,82,1,5,73247,28.03,1543281435,92,182
2018-11-27 09:17:30+08:00,-2,-1,2.92,51.5,18.25,0,16830,28,24,680,1,54,101288,83,1,5,73247,28.02,1543281451,92,182
2018-11-27 09:17:45+08:00,-2,-1,3.71,51.5,17.86,0,16823,28,23,682,1,56,101278,81,1,5,73247,27.95,1543281469,92,182
2018-11-27 09:18:00+08:00,-2,-1,2.84,51.5,18.14,0,16861,27,23,683,1,51,101289,85,1,5,73247,27.92,1543281485,92,182
2018-11-27 09:18:15+08:00,-2,-1,3.47,51.5,18.03,0,16883,29,23,683,1,48,101281,86,1,4,73247,27.88,1543281501,92,182
2018-11-27 09:18:30+08:00,-2,-1,3.71,51.5,18.09,0,16854,26,23,684,1,55,101278,95,1,5,73247,27.87,1543281517,92,182
2018-11-27 09:18:45+08:00,-2,-1,3.71,51.5,18.2,0,16870,27,24,684,1,48,101278,79,0,4,73247,27.82,1543281533,92,182
2018-11-27 09:19:00+08:00,-2,-1,3.63,51.5,18.25,0,16858,26,23,683,1,52,101279,84,1,4,73247,27.77,1543281548,92,182
2018-11-27 09:19:15+08:00,-2,-1,3.39,51,18.14,0,16844,27,23,683,1,53,101282,82,1,5,73247,27.75,1543281565,92,182
2018-11-27 09:19:30+08:00,-2,-1,3.39,51,17.98,0,16908,28,24,684,1,58,101282,86,1,5,73247,27.73,1543281581,92,182
2018-11-27 09:19:45+08:00,,,,,,,,,,,,,,,,,,,,,
2018-11-27 09:20:00+08:00,,,,,,,,,,,,,,,,,,,,,
2018-11-27 09:20:15+08:00,,,,,,,,,,,,,,,,,,,,,
2018-11-27 09:20:30+08:00,,,,,,,,,,,,,,,,,,,,,
2018-11-27 09:20:45+08:00,,,,,,,,,,,,,,,,,,,,,
2018-11-27 09:21:00+08:00,,,,,,,,,,,,,,,,,,,,,
2018-11-27 09:21:15+08:00,,,,,,,,,,,,,,,,,,,,,
2018-11-27 09:21:30+08:00,,,,,,,,,,,,,,,,,,,,,
2018-11-27 09:21:45+08:00,,,,,,,,,,,,,,,,,,,,,
2018-11-27 09:22:00+08:00,,,,,,,,,,,,,,,,,,,,,
2018-11-27 09:22:15+08:00,,,,,,,,,,,,,,,,,,,,,
2018-11-27 09:22:30+08:00,,,,,,,,,,,,,,,,,,,,,
2018-11-27 09:22:45+08:00,,,,,,,,,,,,,,,,,,,,,
2018-11-27 09:23:00+08:00,,,,,,,,,,,,,,,,,,,,,
2018-11-27 09:23:15+08:00,,,,,,,,,,,,,,,,,,,,,
2018-11-27 09:23:30+08:00,,,,,,,,,,,,,,,,,,,,,
2018-11-27 09:23:45+08:00,,,,,,,,,,,,,,,,,,,,,
2018-11-27 09:24:00+08:00,,,,,,,,,,,,,,,,,,,,,
2018-11-27 09:24:15+08:00,,,,,,,,,,,,,,,,,,,,,
2018-11-27 09:24:30+08:00,,,,,,,,,,,,,,,,,,,,,
2018-11-27 09:24:45+08:00,,,,,,,,,,,,,,,,,,,,,
2018-11-27 09:25:00+08:00,,,,,,,,,,,,,,,,,,,,,
2018-11-27 09:25:15+08:00,,,,,,,,,,,,,,,,,,,,,
2018-11-27 09:25:30+08:00,,,,,,,,,,,,,,,,,,,,,
2018-11-27 09:25:45+08:00,,,,,,,,,,,,,,,,,,,,,
2018-11-27 09:26:00+08:00,,,,,,,,,,,,,,,,,,,,,
2018-11-27 09:26:15+08:00,,,,,,,,,,,,,,,,,,,,,
2018-11-27 09:26:30+08:00,,,,,,,,,,,,,,,,,,,,,
2018-11-27 09:26:45+08:00,,,,,,,,,,,,,,,,,,,,,
2018-11-27 09:27:00+08:00,,,,,,,,,,,,,,,,,,,,,
2018-11-27 09:27:15+08:00,,,,,,,,,,,,,,,,,,,,,
2018-11-27 09:27:30+08:00,,,,,,,,,,,,,,,,,,,,,
2018-11-27 09:27:45+08:00,-2,-1,4.73,51,16.42,0,32767,7876,1283,700,1,62,101265,2684,1902,22,73247,26.49,1543282074,92,182
2018-11-27 09:28:00+08:00,-2,-1,4.97,51,16.31,0,17597,29,25,664,6,51,101262,118,1,5,73247,26.46,1543282092,92,182
2018-11-27 09:28:15+08:00,-2,-1,4.34,52.5,16.03,0,17617,28,24,663,6,56,101270,108,1,4,73247,26.43,1543282108,92,182
2018-11-27 09:28:30+08:00,-2,-1,4.34,53,15.97,0,17604,27,23,663,6,57,101270,118,1,4,73247,26.4,1543282124,92,182
2018-11-27 09:28:45+08:00,,,,,,,,,,,,,,,,,,,,,
2018-11-27 09:29:00+08:00,-2,-1,4.73,53.5,15.81,0,17624,29,24,664,1,60,101265,110,1,5,73247,26.38,1543282140,92,182
2018-11-27 09:29:15+08:00,-2,-1,4.26,54,15.53,0,17606,32,25,660,1,56,101271,104,2,5,73247,26.33,1543282156,92,182
2018-11-27 09:29:30+08:00,-2,-1,4.42,54,15.25,0,17665,27,24,661,1,55,101269,121,1,6,73247,26.27,1543282174,92,182
2018-11-27 09:29:45+08:00,-2,-1,4.81,54,15.08,0,17578,30,24,661,1,52,101264,117,2,4,73247,26.22,1543282190,92,182
2018-11-27 09:30:00+08:00,-2,-1,4.57,54,14.64,0,17580,27,23,660,1,54,101267,122,1,5,73247,26.16,1543282206,92,182
2018-11-27 09:30:15+08:00,-2,-1,4.57,54,14.53,0,17578,30,24,659,1,62,101267,124,2,6,73247,26.11,1543282222,92,182
2018-11-27 09:30:30+08:00,-2,-1,4.57,54,14.53,0,17624,28,24,659,1,48,101267,112,1,5,73247,26.04,1543282238,92,182
2018-11-27 09:30:45+08:00,-2,-1,4.89,54,14.08,0,17585,27,23,660,1,63,101263,122,2,4,73247,25.99,1543282256,92,182
2018-11-27 09:31:00+08:00,-2,-1,4.65,54.5,13.92,0,17646,30,25,660,1,53,101266,113,1,4,73247,25.94,1543282272,92,182
2018-11-27 09:31:15+08:00,-2,-1,4.65,54.5,13.75,0,17591,29,24,660,1,48,101266,107,1,4,73247,25.88,1543282288,92,182
2018-11-27 09:31:30+08:00,,,,,,,,,,,,,,,,,,,,,
2018-11-27 09:31:45+08:00,-2,-1,5.05,54.5,13.81,0,17613,30,24,660,1,53,101261,121,2,4,73247,25.81,1543282306,92,182
2018-11-27 09:32:00+08:00,,,,,,,,,,,,,,,,,,,,,
2018-11-27 09:32:15+08:00,,,,,,,,,,,,,,,,,,,,,
2018-11-27 09:32:30+08:00,,,,,,,,,,,,,,,,,,,,,
2018-11-27 09:32:45+08:00,,,,,,,,,,,,,,,,,,,,,
2018-11-27 09:33:00+08:00,,,,,,,,,,,,,,,,,,,,,
2018-11-27 09:33:15+08:00,,,,,,,,,,,,,,,,,,,,,
2018-11-27 09:33:30+08:00,,,,,,,,,,,,,,,,,,,,,
2018-11-27 09:33:45+08:00,,,,,,,,,,,,,,,,,,,,,
2018-11-27 09:34:00+08:00,-2,-1,5.05,55,10.08,0,28963,22736,7844,651,3,80,101261,3248,4110,73,73247,25.22,1543282445,92,182
2018-11-27 09:34:15+08:00,-2,-1,4.42,53.5,11.53,0,17169,31,25,733,3,50,101269,92,1,4,73247,25.12,1543282463,92,182
2018-11-27 09:34:30+08:00,-2,-1,4.57,52.5,11.64,0,17295,29,24,733,6,55,101267,94,2,4,73247,25.06,1543282479,92,182
2018-11-27 09:34:45+08:00,-2,-1,4.57,52,12.03,0,17200,37,24,734,6,49,101267,93,3,5,73247,24.98,1543282494,92,182
2018-11-27 09:35:00+08:00,-2,-1,5.21,52,11.91,0,17279,27,24,733,1,48,101259,90,1,4,73247,24.91,1543282511,92,182
2018-11-27 09:35:15+08:00,-2,-1,4.5,52,11.64,0,17134,28,24,734,1,56,101268,86,1,5,73247,24.84,1543282527,92,182
2018-11-27 09:35:30+08:00,,,,,,,,,,,,,,,,,,,,,
2018-11-27 09:35:45+08:00,-2,-1,4.65,52,11.58,0,17219,27,24,735,1,54,101266,97,1,4,73247,24.79,1543282545,92,182
2018-11-27 09:36:00+08:00,-2,-1,4.65,52,11.8,0,17302,29,24,735,1,49,101266,92,1,4,73247,24.7,1543282561,92,182
2018-11-27 09:36:15+08:00,-2,-1,4.02,52,11.47,0,17209,28,24,735,1,53,101274,107,1,5,73247,24.63,1543282577,92,182
2018-11-27 09:36:30+08:00,-2,-1,4.18,52,11.41,0,17223,29,24,734,1,49,101272,89,1,5,73247,24.55,1543282593,92,182
2018-11-27 09:36:45+08:00,-2,-1,4.34,52,11.58,0,17281,28,24,734,1,62,101270,100,1,5,73247,24.51,1543282609,92,182
2018-11-27 09:37:00+08:00,-2,-1,4.97,52,11.19,0,17209,28,24,735,1,48,101262,93,1,5,73247,24.46,1543282627,92,182
2018-11-27 09:37:15+08:00,-2,-1,4.97,52,10.75,0,17219,27,24,734,1,50,101262,106,1,5,73247,24.39,1543282643,92,182
2018-11-27 09:37:30+08:00,-2,-1,4.89,52,11.19,0,17242,33,25,735,1,51,101263,101,3,6,73247,24.34,1543282659,92,182
2018-11-27 09:37:45+08:00,-2,-1,4.65,52,11.08,0,17277,29,25,736,1,58,101266,84,1,5,73247,24.3,1543282675,92,182
2018-11-27 09:38:00+08:00,,,,,,,,,,,,,,,,,,,,,
2018-11-27 09:38:15+08:00,,,,,,,,,,,,,,,,,,,,,
2018-11-27 09:38:30+08:00,,,,,,,,,,,,,,,,,,,,,
2018-11-27 09:38:45+08:00,,,,,,,,,,,,,,,,,,,,,
2018-11-27 09:39:00+08:00,,,,,,,,,,,,,,,,,,,,,
2018-11-27 09:39:15+08:00,,,,,,,,,,,,,,,,,,,,,
2018-11-27 09:39:30+08:00,,,,,,,,,,,,,,,,,,,,,
2018-11-27 09:39:45+08:00,,,,,,,,,,,,,,,,,,,,,
2018-11-27 09:40:00+08:00,,,,,,,,,,,,,,,,,,,,,
2018-11-27 09:40:15+08:00,,,,,,,,,,,,,,,,,,,,,
2018-11-27 09:40:30+08:00,,,,,,,,,,,,,,,,,,,,,
2018-11-27 09:40:45+08:00,,,,,,,,,,,,,,,,,,,,,
2018-11-27 09:41:00+08:00,,,,,,,,,,,,,,,,,,,,,
2018-11-27 09:41:15+08:00,,,,,,,,,,,,,,,,,,,,,
2018-11-27 09:41:30+08:00,,,,,,,,,,,,,,,,,,,,,
2018-11-27 09:41:45+08:00,,,,,,,,,,,,,,,,,,,,,
2018-11-27 09:42:00+08:00,,,,,,,,,,,,,,,,,,,,,
2018-11-27 09:42:15+08:00,,,,,,,,,,,,,,,,,,,,,
2018-11-27 09:42:30+08:00,,,,,,,,,,,,,,,,,,,,,
2018-11-27 09:42:45+08:00,,,,,,,,,,,,,,,,,,,,,
2018-11-27 09:43:00+08:00,,,,,,,,,,,,,,,,,,,,,
2018-11-27 09:43:15+08:00,,,,,,,,,,,,,,,,,,,,,
2018-11-27 09:43:30+08:00,,,,,,,,,,,,,,,,,,,,,
2018-11-27 09:43:45+08:00,,,,,,,,,,,,,,,,,,,,,
2018-11-27 09:44:00+08:00,,,,,,,,,,,,,,,,,,,,,
2018-11-27 09:44:15+08:00,,,,,,,,,,,,,,,,,,,,,
2018-11-27 09:44:30+08:00,,,,,,,,,,,,,,,,,,,,,
2018-11-27 09:44:45+08:00,,,,,,,,,,,,,,,,,,,,,
2018-11-27 09:45:00+08:00,,,,,,,,,,,,,,,,,,,,,
2018-11-27 09:45:15+08:00,,,,,,,,,,,,,,,,,,,,,
2018-11-27 09:45:30+08:00,,,,,,,,,,,,,,,,,,,,,
2018-11-27 09:45:45+08:00,,,,,,,,,,,,,,,,,,,,,
2018-11-27 09:46:00+08:00,,,,,,,,,,,,,,,,,,,,,
2018-11-27 09:46:15+08:00,,,,,,,,,,,,,,,,,,,,,
2018-11-27 09:46:30+08:00,,,,,,,,,,,,,,,,,,,,,
2018-11-27 09:46:45+08:00,,,,,,,,,,,,,,,,,,,,,
2018-11-27 09:47:00+08:00,,,,,,,,,,,,,,,,,,,,,
2018-11-27 09:47:15+08:00,,,,,,,,,,,,,,,,,,,,,
2018-11-27 09:47:30+08:00,,,,,,,,,,,,,,,,,,,,,
2018-11-27 09:47:45+08:00,,,,,,,,,,,,,,,,,,,,,
2018-11-27 09:48:00+08:00,,,,,,,,,,,,,,,,,,,,,
2018-11-27 09:48:15+08:00,,,,,,,,,,,,,,,,,,,,,
2018-11-27 09:48:30+08:00,,,,,,,,,,,,,,,,,,,,,
2018-11-27 09:48:45+08:00,,,,,,,,,,,,,,,,,,,,,
2018-11-27 09:49:00+08:00,,,,,,,,,,,,,,,,,,,,,
2018-11-27 09:49:15+08:00,,,,,,,,,,,,,,,,,,,,,
2018-11-27 09:49:30+08:00,,,,,,,,,,,,,,,,,,,,,
2018-11-27 09:49:45+08:00,,,,,,,,,,,,,,,,,,,,,
2018-11-27 09:50:00+08:00,,,,,,,,,,,,,,,,,,,,,
2018-11-27 09:50:15+08:00,,,,,,,,,,,,,,,,,,,,,
2018-11-27 09:50:30+08:00,,,,,,,,,,,,,,,,,,,,,
2018-11-27 09:50:45+08:00,,,,,,,,,,,,,,,,,,,,,
2018-11-27 09:51:00+08:00,,,,,,,,,,,,,,,,,,,,,
2018-11-27 09:51:15+08:00,,,,,,,,,,,,,,,,,,,,,
2018-11-27 09:51:30+08:00,,,,,,,,,,,,,,,,,,,,,
2018-11-27 09:51:45+08:00,,,,,,,,,,,,,,,,,,,,,
2018-11-27 09:52:00+08:00,,,,,,,,,,,,,,,,,,,,,
2018-11-27 09:52:15+08:00,,,,,,,,,,,,,,,,,,,,,
2018-11-27 09:52:30+08:00,,,,,,,,,,,,,,,,,,,,,
2018-11-27 09:52:45+08:00,,,,,,,,,,,,,,,,,,,,,
2018-11-27 09:53:00+08:00,,,,,,,,,,,,,,,,,,,,,
2018-11-27 09:53:15+08:00,,,,,,,,,,,,,,,,,,,,,
2018-11-27 09:53:30+08:00,,,,,,,,,,,,,,,,,,,,,
2018-11-27 09:53:45+08:00,,,,,,,,,,,,,,,,,,,,,
2018-11-27 09:54:00+08:00,,,,,,,,,,,,,,,,,,,,,
2018-11-27 09:54:15+08:00,,,,,,,,,,,,,,,,,,,,,
2018-11-27 09:54:30+08:00,,,,,,,,,,,,,,,,,,,,,
2018-11-27 09:54:45+08:00,,,,,,,,,,,,,,,,,,,,,
2018-11-27 09:55:00+08:00,,,,,,,,,,,,,,,,,,,,,
2018-11-27 09:55:15+08:00,,,,,,,,,,,,,,,,,,,,,
2018-11-27 09:55:30+08:00,,,,,,,,,,,,,,,,,,,,,
2018-11-27 09:55:45+08:00,,,,,,,,,,,,,,,,,,,,,
2018-11-27 09:56:00+08:00,,,,,,,,,,,,,,,,,,,,,
2018-11-27 09:56:15+08:00,,,,,,,,,,,,,,,,,,,,,
2018-11-27 09:56:30+08:00,,,,,,,,,,,,,,,,,,,,,
2018-11-27 09:56:45+08:00,,,,,,,,,,,,,,,,,,,,,
2018-11-27 09:57:00+08:00,,,,,,,,,,,,,,,,,,,,,
2018-11-27 09:57:15+08:00,,,,,,,,,,,,,,,,,,,,,
2018-11-27 09:57:30+08:00,,,,,,,,,,,,,,,,,,,,,
2018-11-27 09:57:45+08:00,,,,,,,,,,,,,,,,,,,,,
2018-11-27 09:58:00+08:00,,,,,,,,,,,,,,,,,,,,,
2018-11-27 09:58:15+08:00,,,,,,,,,,,,,,,,,,,,,
2018-11-27 09:58:30+08:00,,,,,,,,,,,,,,,,,,,,,
2018-11-27 09:58:45+08:00,,,,,,,,,,,,,,,,,,,,,
2018-11-27 09:59:00+08:00,,,,,,,,,,,,,,,,,,,,,
2018-11-27 09:59:15+08:00,,,,,,,,,,,,,,,,,,,,,
2018-11-27 09:59:30+08:00,,,,,,,,,,,,,,,,,,,,,
2018-11-27 09:59:45+08:00,,,,,,,,,,,,,,,,,,,,,
2018-11-27 10:00:00+08:00,,,,,,,,,,,,,,,,,,,,,
2018-11-27 10:00:15+08:00,,,,,,,,,,,,,,,,,,,,,
2018-11-27 10:00:30+08:00,,,,,,,,,,,,,,,,,,,,,
2018-11-27 10:00:45+08:00,,,,,,,,,,,,,,,,,,,,,
2018-11-27 10:01:00+08:00,,,,,,,,,,,,,,,,,,,,,
2018-11-27 10:01:15+08:00,,,,,,,,,,,,,,,,,,,,,
2018-11-27 10:01:30+08:00,,,,,,,,,,,,,,,,,,,,,
2018-11-27 10:01:45+08:00,,,,,,,,,,,,,,,,,,,,,
2018-11-27 10:02:00+08:00,,,,,,,,,,,,,,,,,,,,,
2018-11-27 10:02:15+08:00,,,,,,,,,,,,,,,,,,,,,
2018-11-27 10:02:30+08:00,,,,,,,,,,,,,,,,,,,,,
2018-11-27 10:02:45+08:00,,,,,,,,,,,,,,,,,,,,,
2018-11-27 10:03:00+08:00,,,,,,,,,,,,,,,,,,,,,
2018-11-27 10:03:15+08:00,,,,,,,,,,,,,,,,,,,,,
2018-11-27 10:03:30+08:00,,,,,,,,,,,,,,,,,,,,,
2018-11-27 10:03:45+08:00,,,,,,,,,,,,,,,,,,,,,
2018-11-27 10:04:00+08:00,,,,,,,,,,,,,,,,,,,,,
2018-11-27 10:04:15+08:00,,,,,,,,,,,,,,,,,,,,,
2018-11-27 10:04:30+08:00,,,,,,,,,,,,,,,,,,,,,
2018-11-27 10:04:45+08:00,,,,,,,,,,,,,,,,,,,,,
2018-11-27 10:05:00+08:00,,,,,,,,,,,,,,,,,,,,,
2018-11-27 10:05:15+08:00,,,,,,,,,,,,,,,,,,,,,
2018-11-27 10:05:30+08:00,,,,,,,,,,,,,,,,,,,,,
2018-11-27 10:05:45+08:00,-2,-1,3.55,58.5,8.63,0,32576,16352,5005,651,3,70,101280,4634,3197,24,73247,20.99,1543284357,92,182
2018-11-27 10:06:00+08:00,,,,,,,,,,,,,,,,,,,,,
2018-11-27 10:06:15+08:00,-2,-1,4.02,60,12.64,0,19227,3367,1743,557,3,72,101274,928,662,9,73262,21.05,1543284375,92,182
2018-11-27 10:06:30+08:00,-2,-1,3.71,61.5,13.53,0,24521,5759,2942,598,3,66,101278,2497,1491,20,73262,21.09,1543284391,92,182
2018-11-27 10:06:45+08:00,-2,-1,3.94,62.5,13.19,0,17012,1199,484,564,6,61,101275,266,280,5,73262,21.19,1543284406,92,182
2018-11-27 10:07:00+08:00,-2,-1,4.81,63,13.3,0,17577,2815,1278,599,6,73,101264,568,783,8,73262,21.24,1543284423,92,182
2018-11-27 10:07:15+08:00,-2,-1,4.18,62.5,11.69,0,32767,19618,5210,682,3,60,101272,4634,3909,40,73262,21.3,1543284439,92,182
2018-11-27 10:07:30+08:00,-2,-1,3.86,62.5,11.86,0,17576,2356,1501,707,3,73,101276,1341,471,21,73262,21.39,1543284457,92,182
2018-11-27 10:07:45+08:00,-2,-1,2.84,61.5,13.53,0,32767,19098,6211,719,3,62,101289,4634,3362,57,73262,21.45,1543284473,92,182
2018-11-27 10:08:00+08:00,-2,-1,2.52,61,13.08,0,29881,14218,4281,871,3,62,101293,4318,2598,10,73262,21.51,1543284488,92,182
2018-11-27 10:08:15+08:00,-2,-1,2.37,61,12.42,0,17555,1720,795,931,6,61,101295,431,351,10,73262,21.58,1543284505,92,182
2018-11-27 10:08:30+08:00,-2,-1,3.15,60.5,12.3,0,19983,2469,1065,910,6,64,101285,1452,428,12,73262,21.65,1543284521,92,182
2018-11-27 10:08:45+08:00,-2,-1,2.29,60,12.19,0,26672,13503,4826,914,6,63,101296,3000,3015,45,73262,21.72,1543284539,92,182
2018-11-27 10:09:00+08:00,,,,,,,,,,,,,,,,,,,,,
2018-11-27 10:09:15+08:00,-2,-1,3,60,12.14,0,16963,376,165,911,6,57,101287,132,63,5,73262,21.8,1543284555,92,182
2018-11-27 10:09:30+08:00,-2,-1,3.23,60,11.64,0,17620,788,436,895,6,67,101284,523,184,5,73262,21.83,1543284571,92,182
2018-11-27 10:09:45+08:00,-2,-1,2.84,59.5,12.03,0,17836,1991,1157,891,6,58,101289,481,453,13,73262,21.89,1543284587,92,182
2018-11-27 10:10:00+08:00,-2,-1,2.37,59.5,11.58,0,21218,13027,9381,653,6,61,101295,1354,1850,237,73262,21.94,1543284603,92,182
2018-11-27 10:10:15+08:00,-2,-1,3.08,59,11.75,0,17247,947,628,844,6,60,101286,431,178,14,73262,21.99,1543284618,92,182
2018-11-27 10:10:30+08:00,-2,-1,3.15,58.5,11.19,0,17894,1565,791,821,6,62,101285,555,328,33,73262,22.02,1543284635,92,182
2018-11-27 10:10:45+08:00,-2,-1,2.76,58.5,11.47,0,17571,1500,734,809,6,59,101290,602,315,12,73262,22.08,1543284651,92,182
2018-11-27 10:11:00+08:00,-2,-1,2.37,58,11.41,0,17604,1311,1013,810,6,54,101295,395,251,46,73262,22.09,1543284669,92,182
2018-11-27 10:11:15+08:00,-2,-1,2.76,58,11.36,0,18367,4620,2751,797,6,57,101290,799,1134,158,73262,22.12,1543284685,92,182
2018-11-27 10:11:30+08:00,-2,-1,2.52,57.5,10.91,0,27381,14067,6881,646,6,70,101293,2681,2533,233,73262,22.14,1543284700,92,182
2018-11-27 10:11:45+08:00,-2,-1,2.37,57.5,11.08,0,17514,2585,1555,848,6,64,101295,476,437,41,73262,22.16,1543284716,92,182
2018-11-27 10:12:00+08:00,-2,-1,1.73,57,10.8,0,17781,2105,1354,492,3,72,101303,488,439,102,73275,22.17,1543284732,92,182
2018-11-27 10:12:15+08:00,,,,,,,,,,,,,,,,,,,,,
2018-11-27 10:12:30+08:00,-2,-1,2.52,57.5,10.86,0,16819,670,557,495,3,66,101293,131,104,48,73275,22.21,1543284750,92,182
2018-11-27 10:12:45+08:00,-2,-1,2.37,57.5,10.86,0,19488,13642,7696,822,3,74,101295,1075,3884,205,73275,22.23,1543284766,92,182
2018-11-27 10:13:00+08:00,-2,-1,2.84,57,10.64,0,16845,1175,577,874,3,72,101289,190,323,8,73284,22.24,1543284782,92,182
2018-11-27 10:13:15+08:00,,,,,,,,,,,,,,,,,,,,,
2018-11-27 10:13:30+08:00,,,,,,,,,,,,,,,,,,,,,
2018-11-27 10:13:45+08:00,,,,,,,,,,,,,,,,,,,,,
2018-11-27 10:14:00+08:00,-2,-1,2.76,57,11.86,0,16873,1794,867,830,6,63,101290,233,399,19,73284,22.32,1543284841,92,182
2018-11-27 10:14:15+08:00,-2,-1,2.13,57,11.14,0,16650,1240,601,859,1,58,101298,114,304,14,73284,22.36,1543284857,92,182
2018-11-27 10:14:30+08:00,-2,-1,2.29,57,11.36,0,16623,446,216,846,1,62,101296,88,110,6,73284,22.38,1543284872,92,182
2018-11-27 10:14:45+08:00,-2,-1,2.29,57,10.91,0,17011,4653,2236,761,1,60,101296,286,942,84,73284,22.4,1543284889,92,182
2018-11-27 10:15:00+08:00,-2,-1,2.37,57,11.08,0,16681,842,407,821,1,61,101295,114,239,11,73284,22.43,1543284905,92,182
2018-11-27 10:15:15+08:00,-2,-1,2.44,57,11.08,0,16926,2998,1681,758,1,57,101294,241,706,56,73284,22.43,1543284923,92,182
2018-11-27 10:15:30+08:00,-2,-1,2.44,57,11.36,0,16561,545,296,827,1,60,101294,76,163,10,73284,22.46,1543284939,92,182
2018-11-27 10:15:45+08:00,-2,-1,2.52,57,11.58,0,17426,1702,743,795,1,60,101293,535,432,31,73284,22.47,1543284954,92,182
2018-11-27 10:16:00+08:00,-2,-1,1.89,57,11.08,0,17194,2368,1301,754,1,59,101301,282,594,60,73284,22.48,1543284971,92,182
2018-11-27 10:16:15+08:00,-2,-1,1.5,57,11.3,0,16850,2198,1079,757,1,61,101306,219,658,47,73284,22.49,1543284987,92,182
2018-11-27 10:16:30+08:00,,,,,,,,,,,,,,,,,,,,,
2018-11-27 10:16:45+08:00,-2,-1,1.5,57,10.97,0,16588,584,187,786,1,57,101306,96,156,7,73284,22.53,1543285005,92,182
2018-11-27 10:17:00+08:00,-2,-1,1.73,57,11.19,0,18558,9713,4269,811,1,63,101303,1110,2766,147,73284,22.53,1543285021,92,182
2018-11-27 10:17:15+08:00,-2,-1,2.37,56.5,10.86,0,16960,2214,1243,786,1,59,101295,310,430,39,73284,22.51,1543285037,92,182
2018-11-27 10:17:30+08:00,-2,-1,1.89,56.5,11.19,0,17252,3054,1633,788,1,66,101301,370,865,44,73284,22.55,1543285053,92,182
2018-11-27 10:17:45+08:00,-2,-1,2.52,56.5,13.08,0,28130,6132,2537,557,6,68,101293,3561,1411,42,73284,22.57,1543285069,92,182
2018-11-27 10:18:00+08:00,-2,-1,1.58,65.5,19.92,0,16914,819,328,747,6,69,101305,281,197,5,73284,22.63,1543285084,92,182
2018-11-27 10:18:15+08:00,-2,-1,2.37,82.5,23.26,0,23473,6910,2971,606,6,68,101295,2252,1825,66,73284,22.85,1543285101,92,182
2018-11-27 10:18:30+08:00,-2,-1,1.81,91.5,23.54,0,19043,5807,2653,481,6,71,101302,906,1460,29,73284,22.94,1543285117,92,182
2018-11-27 10:18:45+08:00,-2,-1,1.89,93.5,21.98,30,23640,13068,5281,482,6,77,101301,2051,2889,68,73284,23.15,1543285135,92,182
2018-11-27 10:19:00+08:00,-2,-1,2.37,96,28.76,0,18438,3874,1620,872,6,70,101295,428,1174,42,73284,23.35,1543285151,92,182
2018-11-27 10:19:15+08:00,-2,-1,1.81,97,17.92,0,23963,11717,2702,742,6,68,101302,2065,2595,58,73284,23.5,1543285166,92,182
2018-11-27 10:19:30+08:00,-2,-1,1.73,97.5,23.54,0,23329,6217,2649,570,6,76,101303,1826,1297,46,73284,23.63,1543285183,92,182
2018-11-27 10:19:45+08:00,-2,-1,1.66,98,22.26,0,19718,5041,2520,719,6,76,101304,1584,1122,27,73284,23.79,1543285199,92,182
2018-11-27 10:20:00+08:00,,,,,,,,,,,,,,,,,,,,,
2018-11-27 10:20:15+08:00,-2,-1,1.89,97.5,21.2,0,16649,719,303,721,6,75,101301,133,177,5,73284,23.91,1543285217,92,182
2018-11-27 10:20:30+08:00,-2,-1,1.73,97,22.59,0,16530,122,59,628,6,68,101303,87,35,7,73284,24.06,1543285232,92,182
2018-11-27 10:20:45+08:00,-2,-1,1.73,96,24.04,0,16529,46,26,644,1,73,101303,80,7,5,73284,24.23,1543285248,92,182
2018-11-27 10:21:00+08:00,-2,-1,1.58,95.5,22.65,0,16703,231,74,671,1,68,101305,198,42,5,73284,24.38,1543285264,92,182
2018-11-27 10:21:15+08:00,-2,-1,1.66,94.5,21.14,0,16582,359,174,662,1,71,101304,106,82,9,73284,24.49,1543285280,92,182
2018-11-27 10:21:30+08:00,-2,-1,1.81,93.5,21.26,0,17207,688,291,668,1,71,101302,322,161,5,73284,24.62,1543285298,92,182
2018-11-27 10:21:45+08:00,-2,-1,1.89,92.5,21.37,0,16546,549,210,668,1,70,101301,89,159,5,73284,24.75,1543285314,92,182
2018-11-27 10:22:00+08:00,-2,-1,0.95,92,22.37,0,18345,1100,290,639,1,70,101313,707,268,5,73284,24.87,1543285330,92,182
2018-11-27 10:22:15+08:00,-2,-1,1.73,92,21.37,0,17002,631,335,634,1,66,101303,235,183,19,73284,24.98,1543285348,92,182
2018-11-27 10:22:30+08:00,-2,-1,1.58,92.5,20.48,0,17857,735,300,631,1,67,101305,357,153,7,73284,25.11,1543285364,92,182
2018-11-27 10:22:45+08:00,,,,,,,,,,,,,,,,,,,,,
2018-11-27 10:23:00+08:00,-2,-1,1.66,92.5,20.64,0,16712,294,117,635,1,73,101304,90,69,5,73284,25.21,1543285380,92,182
2018-11-27 10:23:15+08:00,-2,-1,1.18,91.5,20.31,0,17300,2586,793,645,1,67,101310,404,638,16,73284,25.3,1543285396,92,182
2018-11-27 10:23:30+08:00,-2,-1,1.89,90.5,21.2,0,16777,239,85,643,1,70,101301,90,59,5,73284,25.39,1543285412,92,182
2018-11-27 10:23:45+08:00,-2,-1,2.21,90,19.98,0,17548,520,305,648,1,70,101297,389,146,6,73284,25.5,1543285430,92,182
2018-11-27 10:24:00+08:00,-2,-1,1.97,89.5,20.09,0,17871,265,73,642,1,67,101300,316,42,5,73284,25.6,1543285446,92,182
2018-11-27 10:24:15+08:00,-2,-1,1.18,89,19.59,0,16834,338,122,657,1,68,101310,121,79,5,73284,25.67,1543285462,92,182
2018-11-27 10:24:30+08:00,-2,-1,1.73,88.5,20.25,0,17075,1516,503,662,1,67,101303,240,321,9,73284,25.74,1543285478,92,182
2018-11-27 10:24:45+08:00,-2,-1,1.89,88,20.25,0,16935,844,238,619,1,67,101301,279,213,5,73284,25.85,1543285494,92,182
2018-11-27 10:25:00+08:00,-2,-1,1.34,88,20.81,0,16848,506,163,630,1,67,101308,158,127,5,73284,25.94,1543285509,92,182
2018-11-27 10:25:15+08:00,-2,-1,1.18,88.5,21.53,0,17712,2510,1453,641,1,67,101310,687,725,26,73284,26.02,1543285526,92,182
2018-11-27 10:25:30+08:00,-2,-1,1.5,88,20.42,0,17571,3892,2139,656,1,75,101306,462,956,40,73284,26.1,1543285542,92,182
2018-11-27 10:25:45+08:00,,,,,,,,,,,,,,,,,,,,,
2018-11-27 10:26:00+08:00,-2,-1,1.26,87.5,21.14,0,16858,427,183,675,1,68,101309,194,101,23,73284,26.18,1543285560,92,182
2018-11-27 10:26:15+08:00,-2,-1,1.73,87,20.48,0,23503,4888,1921,700,6,69,101303,1345,1067,42,73284,26.23,1543285576,92,182
2018-11-27 10:26:30+08:00,-2,-1,0.87,87,20.14,0,17275,384,196,687,6,68,101314,398,92,24,73284,26.29,1543285592,92,182
2018-11-27 10:26:45+08:00,-2,-1,0.95,86.5,20.37,0,17019,1071,483,663,6,62,101313,232,258,12,73284,26.38,1543285608,92,182
2018-11-27 10:27:00+08:00,-2,-1,1.5,86,19.92,0,24688,9978,2899,737,6,71,101306,2572,2463,56,73284,26.41,1543285624,92,182
2018-11-27 10:27:15+08:00,-2,-1,1.5,86,18.98,20,31061,19471,5204,634,3,65,101306,3218,4634,117,73284,26.47,1543285642,92,182
2018-11-27 10:27:30+08:00,-2,-1,1.5,85.5,18.86,20,16786,3437,1831,849,3,67,101306,198,1083,86,73284,26.53,1543285658,92,182
2018-11-27 10:27:45+08:00,-2,-1,1.03,85,20.64,0,16955,259,85,461,6,73,101312,132,49,4,73284,26.57,1543285674,92,182
2018-11-27 10:28:00+08:00,-2,-1,1.26,85,18.92,10,17389,4062,1428,464,6,72,101309,329,964,24,73284,26.63,1543285690,92,182
2018-11-27 10:28:15+08:00,,,,,,,,,,,,,,,,,,,,,
2018-11-27 10:28:30+08:00,,,,,,,,,,,,,,,,,,,,,
2018-11-27 10:28:45+08:00,,,,,,,,,,,,,,,,,,,,,
2018-11-27 10:29:00+08:00,-2,-1,1.26,84.5,20.09,20,18544,5342,2206,482,1,68,101309,1061,1460,10,73284,26.83,1543285747,92,182
2018-11-27 10:29:15+08:00,-2,-1,1.03,84.5,20.09,20,17234,661,343,476,6,65,101312,350,182,6,73284,26.88,1543285763,92,182
2018-11-27 10:29:30+08:00,-2,-1,1.26,84,20.7,10,21831,6043,1148,444,6,68,101309,998,1541,7,73284,26.96,1543285779,92,182
2018-11-27 10:29:45+08:00,-2,-1,0.87,84,19.87,0,23427,5564,2082,588,6,69,101314,1197,959,63,73284,26.99,1543285795,92,182
2018-11-27 10:30:00+08:00,-2,-1,1.1,83.5,19.37,20,16658,109,50,555,6,60,101311,82,25,6,73284,27.05,1543285810,92,182
2018-11-27 10:30:15+08:00,-2,-1,0.87,83,19.53,20,16855,166,58,556,6,64,101314,138,37,5,73284,27.05,1543285826,92,182
2018-11-27 10:30:30+08:00,-2,-1,1.1,83,19.64,20,18020,4294,1372,499,6,70,101311,735,1000,51,73284,27.09,1543285842,92,182
2018-11-27 10:30:45+08:00,,,,,,,,,,,,,,,,,,,,,
2018-11-27 10:31:00+08:00,-2,-1,1.18,83,19.87,20,16642,763,455,550,1,64,101310,119,214,17,73284,27.13,1543285860,92,182
2018-11-27 10:31:15+08:00,-2,-1,0.79,83,19.87,20,16796,1064,655,574,1,64,101315,154,314,26,73284,27.19,1543285876,92,182
2018-11-27 10:31:30+08:00,-2,-1,1.5,83,20.03,10,22892,11937,3622,537,6,70,101306,1400,3209,89,73284,27.22,1543285892,92,182
2018-11-27 10:31:45+08:00,-2,-1,0.79,82.5,19.53,20,21099,2133,1042,520,6,70,101315,1358,599,39,73284,27.23,1543285908,92,182
2018-11-27 10:32:00+08:00,-2,-1,1.03,82.5,19.81,20,20340,6760,2016,653,6,66,101312,1062,1243,74,73284,27.28,1543285924,92,182
2018-11-27 10:32:15+08:00,-2,-1,0.63,82.5,19.53,90,16721,349,158,907,6,64,101317,133,74,8,73284,27.31,1543285942,92,182
2018-11-27 10:32:30+08:00,-2,-1,0.63,82,19.59,490,17283,2619,976,1005,6,70,101317,261,716,8,73284,27.35,1543285958,92,182
2018-11-27 10:32:45+08:00,-2,-1,1.1,82,20.42,0,22687,11026,4997,635,6,72,101311,2007,2777,161,73284,27.42,1543285974,92,182
2018-11-27 10:33:00+08:00,-2,-1,1.1,81.5,20.42,10,16888,3609,1724,539,6,60,101311,275,976,116,73284,27.43,1543285990,92,182
2018-11-27 10:33:15+08:00,-2,-1,0.47,81.5,20.25,0,16715,1667,905,485,6,71,101319,114,469,75,73284,27.47,1543286006,92,182
2018-11-27 10:33:30+08:00,-2,-1,0.95,81.5,20.14,0,17114,876,397,507,6,61,101313,286,168,15,73284,27.5,1543286021,92,182
2018-11-27 10:33:45+08:00,-2,-1,1.66,81,20.14,0,19165,4415,2434,539,1,63,101304,577,619,182,73284,27.53,1543286038,92,182
2018-11-27 10:34:00+08:00,-2,-1,1.5,81,20.7,10,17210,1794,727,681,1,62,101306,437,409,22,73284,27.57,1543286054,92,182
2018-11-27 10:34:15+08:00,,,,,,,,,,,,,,,,,,,,,
2018-11-27 10:34:30+08:00,-2,-1,0.79,81,20.25,40,18483,4457,2328,522,6,66,101315,824,1209,116,73284,27.62,1543286072,92,182
2018-11-27 10:34:45+08:00,-2,-1,0.79,81,19.87,10,16910,400,183,586,6,72,101315,199,97,8,73284,27.64,1543286088,92,182
2018-11-27 10:35:00+08:00,-2,-1,1.03,80.5,20.64,30,17320,1764,821,696,1,65,101312,488,452,17,73284,27.68,1543286104,92,182
2018-11-27 10:35:15+08:00,-2,-1,1.03,80.5,21.14,30,16666,149,70,696,1,65,101312,114,32,5,73284,27.73,1543286120,92,182
2018-11-27 10:35:30+08:00,-2,-1,0.87,80.5,20.37,60,16663,315,111,904,4,63,101314,97,74,5,73284,27.73,1543286136,92,182
2018-11-27 10:35:45+08:00,-2,-1,0.47,80.5,20.98,570,28627,9670,4532,898,4,65,101319,1702,2827,132,73284,27.77,1543286154,92,182
2018-11-27 10:36:00+08:00,-2,-1,0.87,80,20.37,0,16803,3142,1303,297,4,64,101314,189,785,35,73284,27.81,1543286170,92,182
2018-11-27 10:36:15+08:00,-2,-1,0.87,80,20.7,10,16993,1615,481,632,4,61,101314,258,354,8,73284,27.85,1543286186,92,182
2018-11-27 10:36:30+08:00,-2,-1,1.34,80,21.37,110,16898,393,179,982,4,62,101308,142,82,5,73284,27.88,1543286204,92,182
2018-11-27 10:36:45+08:00,,,,,,,,,,,,,,,,,,,,,
2018-11-27 10:37:00+08:00,-2,-1,1.18,80.5,20.7,630,16734,654,328,1043,4,66,101310,167,151,5,73284,27.91,1543286220,92,182
2018-11-27 10:37:15+08:00,-2,-1,1.5,80.5,21.59,110,20998,3027,1697,1026,4,71,101306,1151,564,11,73284,27.94,1543286235,92,182
2018-11-27 10:37:30+08:00,-2,-1,1.81,80,20.64,0,17553,3462,1245,903,4,70,101302,598,751,18,73284,27.97,1543286252,92,182
2018-11-27 10:37:45+08:00,-2,-1,1.18,80,20.53,0,23051,11442,3106,689,4,67,101310,1494,2691,157,73284,27.98,1543286268,92,182
2018-11-27 10:38:00+08:00,-2,-1,1.81,80,20.7,50,21776,3507,1894,496,4,64,101302,938,881,77,73284,28.03,1543286286,92,182
2018-11-27 10:38:15+08:00,-2,-1,1.5,80,20.76,0,16744,3942,2592,583,4,62,101306,188,1196,154,73284,28.02,1543286302,92,182
2018-11-27 10:38:30+08:00,-2,-1,1.03,80,21.31,50,18026,12151,4367,442,4,67,101312,845,2674,168,73284,28.06,1543286318,92,182
2018-11-27 10:38:45+08:00,-2,-1,1.26,80,21.26,240,18260,7736,2871,924,4,61,101309,827,2036,153,73284,28.07,1543286334,92,182
2018-11-27 10:39:00+08:00,-2,-1,1.58,79.5,20.76,140,16713,1329,727,967,4,65,101305,124,365,22,73284,28.08,1543286350,92,182
2018-11-27 10:39:15+08:00,-2,-1,1.73,79.5,20.76,490,20147,6879,3833,627,4,73,101303,1159,1664,188,73284,28.11,1543286368,92,182
2018-11-27 10:39:30+08:00,-2,-1,1.1,79.5,20.81,80,17557,5867,1379,949,4,61,101311,313,1077,31,73284,28.13,1543286384,92,182
2018-11-27 10:39:45+08:00,,,,,,,,,,,,,,,,,,,,,
2018-11-27 10:40:00+08:00,-2,-1,1.26,80,20.92,120,17258,3538,2129,985,4,67,101309,368,987,33,73284,28.15,1543286400,92,182
2018-11-27 10:40:15+08:00,-2,-1,1.26,79.5,20.25,480,16833,2194,1243,1016,4,61,101309,157,629,15,73284,28.18,1543286418,92,182
2018-11-27 10:40:30+08:00,-2,-1,1.97,79.5,20.76,70,17232,3155,1394,966,4,63,101300,394,791,30,73284,28.19,1543286434,92,182
2018-11-27 10:40:45+08:00,-2,-1,2.29,79.5,20.87,10,17632,2151,1276,529,4,65,101296,591,442,50,73284,28.21,1543286449,92,182
2018-11-27 10:41:00+08:00,-2,-1,1.97,79.5,20.87,150,32767,16159,7005,709,3,69,101300,4634,4634,153,73292,28.21,1543286466,92,182
2018-11-27 10:41:15+08:00,-2,-1,1.34,80,21.2,420,32767,17821,5210,818,3,69,101308,4634,4196,78,73299,28.24,1543286482,92,182
2018-11-27 10:41:30+08:00,-2,-1,1.66,80,21.31,150,32767,12291,3898,481,3,65,101304,4634,3047,88,73316,28.29,1543286500,92,182
2018-11-27 10:41:45+08:00,-2,-1,1.18,80,21.59,20,32767,32540,5654,520,3,69,101310,4634,4634,52,73339,28.31,1543286516,92,182
2018-11-27 10:42:00+08:00,-2,-1,0.55,80,23.54,1410,32767,11588,4025,482,2,81,101318,4634,2227,61,73383,28.35,1543286531,92,182
2018-11-27 10:42:15+08:00,-2,-1,1.73,80,21.98,10,32767,14798,4222,511,2,72,101303,4634,2374,57,73432,28.42,1543286548,92,182
2018-11-27 10:42:30+08:00,-2,-1,1.03,79.5,22.2,150,32767,18220,5667,759,2,78,101312,4634,3831,62,73473,28.42,1543286564,92,182
2018-11-27 10:42:45+08:00,,,,,,,,,,,,,,,,,,,,,
2018-11-27 10:43:00+08:00,-2,-1,0.39,79,24.59,1850,32767,8281,2171,623,2,62,101320,4634,1516,104,73510,28.49,1543286582,92,182
2018-11-27 10:43:15+08:00,-2,-1,0,79,22.42,0,16315,68,28,1262,2,68,101325,214,14,4,73518,28.54,1543286598,92,182
2018-11-27 10:43:30+08:00,-2,-1,0.47,78.5,22.53,0,16565,91,35,1267,2,56,101319,388,20,5,73518,28.56,1543286614,92,182
2018-11-27 10:43:45+08:00,-2,-1,0.47,77,22.26,0,16726,137,45,1458,4,59,101319,465,22,5,73518,28.61,1543286632,92,182
2018-11-27 10:44:00+08:00,-2,-1,1.1,75,21.37,0,18414,221,96,1465,4,61,101311,1009,51,5,73518,28.63,1543286648,92,182
2018-11-27 10:44:15+08:00,-2,-1,0.47,73,21.26,0,17657,582,440,1015,4,56,101319,887,76,41,73518,28.66,1543286663,92,182
2018-11-27 10:44:30+08:00,-2,-1,1.34,72.5,20.98,0,16672,95,48,1262,4,67,101308,526,20,10,73518,28.66,1543286680,92,182
2018-11-27 10:44:45+08:00,-2,-1,0.71,71.5,20.87,0,16557,70,31,993,4,61,101316,381,14,7,73518,28.69,1543286696,92,182
2018-11-27 10:45:00+08:00,-2,-1,0.71,70,20.37,0,16662,92,41,1009,4,60,101316,445,18,5,73518,28.69,1543286714,92,182
2018-11-27 10:45:15+08:00,,,,,,,,,,,,,,,,,,,,,
2018-11-27 10:45:30+08:00,-2,-1,0.32,68.5,20.25,0,16573,358,310,1000,4,56,101321,339,25,8,73518,28.69,1543286730,92,182
2018-11-27 10:45:45+08:00,-2,-1,0.08,67.5,19.98,0,16736,74,31,1234,4,62,101324,459,15,5,73518,28.69,1543286745,92,182
2018-11-27 10:46:00+08:00,-2,-1,0.55,66.5,19.98,0,16672,64,28,1228,4,59,101318,368,11,4,73518,28.69,1543286761,92,182
2018-11-27 10:46:15+08:00,-2,-1,0.79,65,19.64,0,16560,207,166,1142,4,55,101315,377,17,11,73518,28.68,1543286777,92,182
2018-11-27 10:46:30+08:00,-2,-1,0.55,64.5,19.7,0,16441,64,29,941,4,60,101318,403,12,6,73518,28.66,1543286792,92,182
2018-11-27 10:46:45+08:00,-2,-1,0.32,63.5,19.7,0,16348,71,28,950,4,55,101321,317,14,6,73518,28.66,1543286809,92,182
2018-11-27 10:47:00+08:00,-2,-1,0.55,62,19.59,0,16361,56,25,951,4,68,101318,375,13,5,73518,28.63,1543286825,92,182
2018-11-27 10:47:15+08:00,-2,-1,0.47,61,19.59,0,16385,53,25,953,4,56,101319,403,12,6,73518,28.6,1543286843,92,182
2018-11-27 10:47:30+08:00,-2,-1,0.32,60.5,19.42,0,16285,59,25,1002,4,62,101321,392,10,6,73518,28.57,1543286859,92,182
2018-11-27 10:47:45+08:00,-2,-1,0.95,60,19.48,0,16275,42,24,996,1,63,101313,321,7,6,73518,28.56,1543286875,92,182
2018-11-27 10:48:00+08:00,-2,-1,0.87,59.5,19.25,0,16945,93,37,1223,1,61,101314,554,16,5,73518,28.53,1543286891,92,182
2018-11-27 10:48:15+08:00,-2,-1,1.34,59.5,19.03,0,16962,139,59,1274,1,66,101308,624,27,14,73518,28.53,1543286907,92,182
2018-11-27 10:48:30+08:00,,,,,,,,,,,,,,,,,,,,,
2018-11-27 10:48:45+08:00,-2,-1,0.71,59,19.14,0,16330,64,26,1157,1,51,101316,376,13,5,73518,28.49,1543286925,92,182
2018-11-27 10:49:00+08:00,-2,-1,1.1,58.5,19.03,0,16207,67,27,1171,1,55,101311,311,12,5,73518,28.46,1543286941,92,182
2018-11-27 10:49:15+08:00,-2,-1,1.1,57.5,18.98,0,16265,65,27,1177,1,76,101311,332,14,5,73518,28.45,1543286957,92,182
2018-11-27 10:49:30+08:00,-2,-1,1.26,57,18.86,0,16259,60,26,1164,1,55,101309,341,14,4,73518,28.4,1543286975,92,182
2018-11-27 10:49:45+08:00,-2,-1,1.73,56,18.7,0,16023,39,24,1163,1,54,101303,243,6,4,73518,28.34,1543286991,92,182
2018-11-27 10:50:00+08:00,-2,-1,1.5,55.5,19.03,0,17269,144,54,1040,1,63,101306,732,28,85,73518,28.34,1543287007,92,182
2018-11-27 10:50:15+08:00,-2,-1,2.37,56,18.75,0,19518,302,115,992,1,66,101295,1513,49,6,73518,28.33,1543287023,92,182
2018-11-27 10:50:30+08:00,-2,-1,3.23,55.5,19.37,0,18808,218,87,1005,6,68,101284,1277,48,6,73518,28.29,1543287039,92,182
2018-11-27 10:50:45+08:00,-2,-1,4.26,55,18.48,0,19428,491,112,1018,6,71,101271,1371,85,18,73518,28.26,1543287057,92,182
2018-11-27 10:51:00+08:00,-2,-1,3.63,54.5,18.75,0,19059,291,104,988,6,70,101279,1344,65,5,73518,28.2,1543287073,92,182
2018-11-27 10:51:15+08:00,-2,-1,5.76,54,18.92,0,21242,680,246,995,6,70,101252,2411,141,10,73518,28.2,1543287089,92,182
2018-11-27 10:51:30+08:00,,,,,,,,,,,,,,,,,,,,,
2018-11-27 10:51:45+08:00,-2,-1,11.76,54,18.59,0,24484,947,161,1019,6,70,101176,2497,157,69,73518,28.18,1543287105,92,182
2018-11-27 10:52:00+08:00,-2,-1,3.15,53,18.75,0,17959,194,77,1037,6,75,101285,1138,40,6,73518,28.15,1543287121,92,182
2018-11-27 10:52:15+08:00,-2,-1,0.87,52.5,18.98,0,17202,132,53,1061,6,67,101314,678,26,4,73518,28.1,1543287136,92,182
2018-11-27 10:52:30+08:00,-2,-1,1.1,52.5,18.81,0,18723,167,70,1062,6,70,101311,976,34,5,73518,28.08,1543287153,92,182
2018-11-27 10:52:45+08:00,-2,-1,2.29,53,18.59,0,18069,194,70,1039,6,73,101296,958,34,5,73518,28.05,1543287169,92,182
2018-11-27 10:53:00+08:00,-2,-1,5.21,52.5,18.48,0,18767,198,60,1075,6,68,101259,1036,34,25,73518,28.02,1543287187,92,182
2018-11-27 10:53:15+08:00,-2,-1,11.44,52.5,18.81,0,17773,168,55,1127,6,66,101180,840,31,26,73518,28.01,1543287203,92,182
2018-11-27 10:53:30+08:00,-2,-1,5.6,52,18.86,0,23801,599,191,1185,6,70,101254,2299,154,32,73518,27.98,1543287218,92,182
2018-11-27 10:53:45+08:00,-2,-1,1.03,51,18.09,0,17488,191,60,1119,6,69,101312,943,30,9,73518,27.92,1543287235,92,182
2018-11-27 10:54:00+08:00,-2,-1,2.84,51.5,18.7,0,18428,156,71,1121,6,70,101289,904,24,5,73518,27.93,1543287251,92,182
2018-11-27 10:54:15+08:00,-2,-1,8.12,51.5,18.59,0,18453,152,67,1089,6,69,101222,1043,29,28,73518,27.9,1543287269,92,182
2018-11-27 10:54:30+08:00,,,,,,,,,,,,,,,,,,,,,
2018-11-27 10:54:45+08:00,-2,-1,7.89,51.5,18.25,0,19397,267,90,1063,6,68,101225,1345,62,35,73518,27.87,1543287285,92,182
2018-11-27 10:55:00+08:00,-2,-1,0.55,51.5,18.81,0,19264,250,81,1076,6,69,101318,1293,41,49,73518,27.83,1543287301,92,182
2018-11-27 10:55:15+08:00,-2,-1,6.15,50.5,18.64,0,18796,159,59,1105,6,68,101247,972,31,101,73518,27.8,1543287319,92,182
2018-11-27 10:55:30+08:00,-2,-1,6.15,51,18.81,0,18770,289,111,1050,6,68,101247,1088,52,87,73518,27.78,1543287335,92,182
2018-11-27 10:55:45+08:00,-2,-1,4.81,51.5,18.64,0,17432,142,79,1007,6,71,101264,809,21,5,73518,27.75,1543287350,92,182
2018-11-27 10:56:00+08:00,-2,-1,-1.26,51.5,18.7,0,19593,531,171,1132,6,68,101341,1919,112,28,73518,27.75,1543287367,92,182
2018-11-27 10:56:15+08:00,-2,-1,-5.36,50.5,18.75,0,17587,167,77,897,6,77,101393,917,27,112,73518,27.7,1543287383,92,182
2018-11-27 10:56:30+08:00,-2,-1,-0.39,50,18.59,0,17521,122,57,1099,6,73,101330,785,24,40,73518,27.67,1543287401,92,182
2018-11-27 10:56:45+08:00,-2,-1,-4.1,50.5,18.64,0,17625,121,55,952,6,70,101377,858,20,97,73518,27.66,1543287417,92,182
2018-11-27 10:57:00+08:00,-2,-1,-9.93,50,18.48,0,18618,283,102,1014,6,72,101451,1313,59,67,73518,27.62,1543287432,92,182
2018-11-27 10:57:15+08:00,-2,-1,-10.17,50,18.64,0,19197,377,118,1060,6,65,101454,1523,63,45,73518,27.6,1543287448,92,182
2018-11-27 10:57:30+08:00,-2,-1,1.58,49.5,18.64,0,22388,681,213,1181,6,69,101305,2637,145,67,73518,27.58,1543287464,92,182
2018-11-27 10:57:45+08:00,,,,,,,,,,,,,,,,,,,,,
2018-11-27 10:58:00+08:00,-2,-1,14.28,49,18.75,0,18004,239,80,1013,6,71,101144,1042,52,5,73518,27.58,1543287480,92,182
2018-11-27 10:58:15+08:00,-2,-1,13.18,49,18.48,0,17982,288,110,1152,6,73,101158,1194,63,5,73518,27.53,1543287496,92,182
2018-11-27 10:58:30+08:00,-2,-1,12.62,49,18.59,0,19093,188,85,1093,6,74,101165,1074,35,8,73518,27.5,1543287512,92,182
2018-11-27 10:58:45+08:00,-2,-1,16.18,49,18.31,0,19164,322,82,978,6,72,101120,1349,45,59,73518,27.49,1543287530,92,182
2018-11-27 10:59:00+08:00,-2,-1,14.6,49,18.2,0,17753,171,97,1169,6,66,101140,843,25,40,73518,27.48,1543287546,92,182
2018-11-27 10:59:15+08:00,-2,-1,7.49,49,17.98,0,19364,364,115,1302,6,70,101230,1364,65,4,73518,27.46,1543287562,92,182
2018-11-27 10:59:30+08:00,-2,-1,11.12,49,18.42,0,18119,187,71,1284,6,71,101184,1089,34,21,73518,27.45,1543287578,92,182
2018-11-27 10:59:45+08:00,-2,-1,12.62,49,18.42,0,21924,410,106,1355,6,72,101165,1799,68,5,73518,27.44,1543287594,92,182
2018-11-27 11:00:00+08:00,-2,-1,11.28,48.5,18.42,0,17592,128,52,1355,6,77,101182,866,27,5,73518,27.43,1543287612,92,182
2018-11-27 11:00:15+08:00,-2,-1,11.04,48.5,18.75,0,20422,512,167,1320,6,70,101185,2063,106,5,73518,27.39,1543287628,92,182
2018-11-27 11:00:30+08:00,-2,-1,11.91,48.5,18.7,0,18255,190,75,1262,6,69,101174,895,35,5,73518,27.39,1543287644,92,182
2018-11-27 11:00:45+08:00,,,,,,,,,,,,,,,,,,,,,
2018-11-27 11:01:00+08:00,-2,-1,14.99,48.5,18.25,0,17510,143,58,1235,6,71,101135,908,29,12,73518,27.38,1543287662,92,182
2018-11-27 11:01:15+08:00,-2,-1,14.99,48,18.36,0,18287,174,57,1241,6,72,101135,1068,30,5,73518,27.34,1543287678,92,182
2018-11-27 11:01:30+08:00,-2,-1,13.81,48.5,18.7,0,18858,147,71,1243,6,75,101150,1195,33,4,73518,27.32,1543287694,92,182
2018-11-27 11:01:45+08:00,-2,-1,11.44,48.5,18.7,0,17696,142,62,1245,6,73,101180,792,27,6,73518,27.33,1543287710,92,182
2018-11-27 11:02:00+08:00,-2,-1,13.65,48.5,18.64,0,18593,187,78,1359,6,72,101152,1092,40,5,73518,27.31,1543287726,92,182
2018-11-27 11:02:15+08:00,-2,-1,16.02,48.5,18.42,0,17206,131,45,1344,6,71,101122,627,21,12,73518,27.29,1543287744,92,182
2018-11-27 11:02:30+08:00,-2,-1,16.41,48,18.31,0,18342,174,67,1399,6,73,101117,1081,36,7,73518,27.28,1543287760,92,182
2018-11-27 11:02:45+08:00,-2,-1,20.92,47.5,18.7,0,17168,212,72,1356,6,73,101060,844,39,26,73518,27.27,1543287776,92,182
2018-11-27 11:03:00+08:00,-2,-1,21.79,47.5,18.48,0,16960,144,61,1354,1,72,101049,742,31,5,73518,27.28,1543287792,92,182
2018-11-27 11:03:15+08:00,-2,-1,19.65,47.5,18.2,0,18045,125,53,1398,6,69,101076,771,26,8,73518,27.26,1543287808,92,182
2018-11-27 11:03:30+08:00,-2,-1,18.39,47,18.53,0,17110,124,49,1409,1,72,101092,623,24,4,73518,27.23,1543287823,92,182
2018-11-27 11:03:45+08:00,,,,,,,,,,,,,,,,,,,,,
2018-11-27 11:04:00+08:00,-2,-1,14.68,47.5,18.25,0,19749,309,108,1368,6,72,101139,1494,61,5,73518,27.24,1543287840,92,182
2018-11-27 11:04:15+08:00,-2,-1,13.81,47.5,18.59,0,17972,167,53,1347,6,73,101150,828,31,5,73518,27.21,1543287856,92,182
2018-11-27 11:04:30+08:00,-2,-1,8.83,47,18.64,0,17853,185,70,1349,6,72,101213,919,37,6,73518,27.21,1543287874,92,182
2018-11-27 11:04:45+08:00,-2,-1,7.57,47,18.14,0,17947,136,58,1344,6,71,101229,919,28,6,73518,27.19,1543287890,92,182
2018-11-27 11:05:00+08:00,-2,-1,7.73,47,18.53,0,22149,604,97,1311,6,65,101227,1310,103,20,73518,27.17,1543287906,92,182
2018-11-27 11:05:15+08:00,-2,-1,8.6,47.5,18.48,0,18244,175,65,1158,6,65,101216,943,35,7,73518,27.18,1543287922,92,182
2018-11-27 11:05:30+08:00,-2,-1,10.97,47.5,18.42,0,18058,235,96,1013,6,66,101186,1068,51,11,73518,27.17,1543287938,92,182
2018-11-27 11:05:45+08:00,-2,-1,15.94,48,18.14,0,17612,294,67,1177,6,61,101123,824,48,6,73518,27.16,1543287956,92,182
2018-11-27 11:06:00+08:00,-2,-1,10.26,47.5,18.09,0,22861,424,171,1315,6,64,101195,2174,95,5,73518,27.15,1543287972,92,182
2018-11-27 11:06:15+08:00,-2,-1,10.49,47.5,18.14,0,20717,192,96,1167,6,63,101192,1590,47,10,73518,27.15,1543287988,92,182
2018-11-27 11:06:30+08:00,,,,,,,,,,,,,,,,,,,,,
2018-11-27 11:06:45+08:00,-2,-1,15.07,47,18.14,0,21012,560,206,1422,6,67,101134,1558,75,191,73518,27.14,1543288006,92,182
2018-11-27 11:07:00+08:00,-2,-1,15.23,47,18.48,0,19779,307,130,1590,6,65,101132,1356,48,100,73518,27.12,1543288022,92,182
2018-11-27 11:07:15+08:00,-2,-1,13.1,47,18.31,0,18764,176,84,1399,6,59,101159,1599,27,25,73518,27.09,1543288037,92,182
2018-11-27 11:07:30+08:00,-2,-1,9.39,46.5,18.2,0,18121,159,62,1167,6,59,101206,864,33,96,73518,27.09,1543288054,92,182
2018-11-27 11:07:45+08:00,-2,-1,14.36,46.5,17.98,0,18217,309,228,1423,6,62,101143,963,53,28,73518,27.09,1543288070,92,182
2018-11-27 11:08:00+08:00,-2,-1,16.97,46.5,18.48,0,16305,56,25,1241,6,77,101110,290,11,4,73518,27.08,1543288087,92,182
2018-11-27 11:08:15+08:00,-2,-1,16.97,47,18.48,0,15896,39,23,1241,1,63,101110,155,6,5,73518,27.08,1543288103,92,182
2018-11-27 11:08:30+08:00,-2,-1,16.49,47,18.09,0,16400,208,154,1409,1,72,101116,491,17,5,73518,27.08,1543288119,92,182
2018-11-27 11:08:45+08:00,-2,-1,13.1,47.5,18.31,0,17995,158,68,1229,1,57,101159,833,35,6,73518,27.05,1543288137,92,182
2018-11-27 11:09:00+08:00,-2,-1,11.28,47.5,18.53,0,17752,240,117,1199,1,62,101182,759,34,13,73518,27.07,1543288153,92,182
2018-11-27 11:09:15+08:00,-2,-1,13.1,48,18.53,0,16537,119,95,1252,1,62,101159,368,10,236,73518,27.06,1543288169,92,182
2018-11-27 11:09:30+08:00,,,,,,,,,,,,,,,,,,,,,
2018-11-27 11:09:45+08:00,-2,-1,15.23,47.5,18.48,0,17227,153,111,1028,1,68,101132,600,18,103,73518,27.05,1543288185,92,182
2018-11-27 11:10:00+08:00,-2,-1,13.89,47.5,18.2,0,20949,405,203,937,4,68,101149,2261,66,119,73518,27.05,1543288201,92,182
2018-11-27 11:10:15+08:00,-2,-1,13.41,47,18.25,0,17796,174,67,1359,4,65,101155,795,39,5,73518,27.05,1543288219,92,182
2018-11-27 11:10:30+08:00,-2,-1,10.02,47,18.53,0,16772,148,53,1300,4,66,101198,484,28,9,73518,27.06,1543288235,92,182
2018-11-27 11:10:45+08:00,-2,-1,13.73,47,18.31,0,19362,229,100,1242,6,59,101151,1222,48,6,73518,27.04,1543288251,92,182
2018-11-27 11:11:00+08:00,-2,-1,17.76,47,18.53,0,16975,74,40,1035,6,60,101100,411,17,5,73518,27.05,1543288267,92,182
2018-11-27 11:11:15+08:00,-2,-1,19.97,46.5,18.03,0,18111,502,438,1243,6,63,101072,1130,32,20,73518,27.04,1543288283,92,182
2018-11-27 11:11:30+08:00,-2,-1,21.87,46,18.36,0,21762,673,242,1294,6,69,101048,3002,128,35,73518,27.04,1543288301,92,182
2018-11-27 11:11:45+08:00,-2,-1,22.26,45.5,18.2,0,16695,159,66,1014,6,63,101043,703,29,5,73518,27.02,1543288317,92,182
2018-11-27 11:12:00+08:00,-2,-1,26.84,46,18.53,0,17624,140,57,990,6,68,100985,655,30,6,73518,27.02,1543288333,92,182
2018-11-27 11:12:15+08:00,,,,,,,,,,,,,,,,,,,,,
2018-11-27 11:12:30+08:00,-2,-1,22.5,46,17.98,0,17077,153,80,978,6,62,101040,657,27,5,73518,27.02,1543288351,92,182
2018-11-27 11:12:45+08:00,-2,-1,20.76,46,17.92,0,16216,144,102,980,1,70,101062,254,19,5,73518,27.02,1543288367,92,182
2018-11-27 11:13:00+08:00,-2,-1,21.23,45.5,18.31,0,15931,48,24,1145,1,65,101056,168,11,4,73518,27.03,1543288383,92,182
2018-11-27 11:13:15+08:00,-2,-1,21.87,47,30.99,410,23863,8498,5418,546,3,64,101048,2657,1851,116,73526,27.05,1543288399,92,182
2018-11-27 11:13:30+08:00,-2,-1,22.5,63,22.59,1020,32767,18745,4728,558,2,70,101040,4634,3605,48,73559,27.14,1543288415,92,182
2018-11-27 11:13:45+08:00,-2,-1,22.58,72.5,23.42,220,32767,8739,3107,806,2,80,101039,4634,1571,50,73563,27.21,1543288433,92,182
2018-11-27 11:14:00+08:00,-2,-1,24,74.5,22.15,230,32767,13018,3278,843,2,73,101021,4634,2171,25,73572,27.3,1543288449,92,182
2018-11-27 11:14:15+08:00,-2,-1,27,76,23.04,0,32767,13221,4006,853,2,64,100983,4634,2357,52,73593,27.37,1543288465,92,182
2018-11-27 11:14:30+08:00,-2,-1,27.48,75,21.98,0,32767,13319,4269,364,3,65,100977,4634,1914,91,73593,27.42,1543288481,92,182
2018-11-27 11:14:45+08:00,-2,-1,27.48,75.5,22.98,0,32767,20718,5044,769,3,59,100977,4634,3400,57,73605,27.48,1543288497,92,182
2018-11-27 11:15:00+08:00,-2,-1,28.19,76,22.31,310,32767,15630,4002,642,3,61,100968,4634,2402,126,73622,27.56,1543288512,92,182
2018-11-27 11:15:15+08:00,-2,-1,28.03,77.5,22.81,1260,32767,24831,5603,764,3,65,100970,4634,3689,47,73653,27.63,1543288529,92,182
2018-11-27 11:15:30+08:00,,,,,,,,,,,,,,,,,,,,,
2018-11-27 11:15:45+08:00,-2,-1,28.11,78.5,23.37,620,29813,7265,3939,476,2,58,100969,3567,1203,56,73677,27.71,1543288545,92,182
2018-11-27 11:16:00+08:00,-2,-1,28.51,65.5,20.14,20,32767,27224,4493,425,2,69,100964,4634,3825,197,73721,27.72,1543288563,92,182
2018-11-27 11:16:15+08:00,-2,-1,28.35,70,22.2,30,16622,395,236,730,2,53,100966,93,73,8,73721,27.75,1543288579,92,182
2018-11-27 11:16:30+08:00,-2,-1,27.95,71.5,22.09,30,16652,176,104,719,4,55,100971,98,30,8,73721,27.77,1543288594,92,182
2018-11-27 11:16:45+08:00,-2,-1,27.95,72.5,22.15,30,16570,150,74,719,4,56,100971,87,29,6,73721,27.81,1543288611,92,182
2018-11-27 11:17:00+08:00,-2,-1,28.19,73.5,23.76,40,32767,18326,4653,911,3,63,100968,4588,3507,32,73721,27.87,1543288627,92,182
2018-11-27 11:17:15+08:00,-2,-1,28.19,75,22.59,10,32767,21752,4241,810,3,63,100968,4634,3105,69,73721,27.91,1543288645,92,182
2018-11-27 11:17:30+08:00,-2,-1,28.03,71,18.86,0,32767,7375,4176,766,3,53,100970,4634,1581,87,73779,27.91,1543288661,92,182
2018-11-27 11:17:45+08:00,-2,-1,28.19,58.5,17.92,0,32767,17373,10398,622,3,43,100968,4396,4634,181,73830,27.89,1543288677,92,182
2018-11-27 11:18:00+08:00,-2,-1,27.79,55,18.2,0,20497,6357,3792,655,3,62,100973,1803,1506,53,73830,27.87,1543288693,92,182
2018-11-27 11:18:15+08:00,-2,-1,28.43,54,17.2,10,20653,4249,2855,788,6,41,100965,909,870,108,73830,27.81,1543288709,92,182
2018-11-27 11:18:30+08:00,-2,-1,27.95,53.5,16.42,0,19412,5180,2395,709,6,68,100971,1313,825,63,73830,27.76,1543288724,92,182
2018-11-27 11:18:45+08:00,,,,,,,,,,,,,,,,,,,,,
2018-11-27 11:19:00+08:00,-2,-1,26.84,52.5,15.31,0,32767,32767,9638,656,3,65,100985,4634,4634,148,73837,27.68,1543288741,92,182
2018-11-27 11:19:15+08:00,-2,-1,27.08,51.5,15.14,0,16864,27,23,598,3,44,100982,85,1,5,73837,27.64,1543288757,92,182
2018-11-27 11:19:30+08:00,-2,-1,26.77,51.5,14.92,0,16779,26,24,598,6,37,100986,71,1,5,73837,27.55,1543288775,92,182
2018-11-27 11:19:45+08:00,-2,-1,26.92,51.5,14.75,0,16888,26,24,599,6,48,100984,78,0,4,73837,27.48,1543288791,92,182
2018-11-27 11:20:00+08:00,-2,-1,27.56,51.5,14.36,0,16788,28,23,600,1,69,100976,74,1,5,73837,27.39,1543288806,92,182
2018-11-27 11:20:15+08:00,-2,-1,27.32,52,14.19,0,16847,26,24,599,1,70,100979,84,0,5,73837,27.31,1543288822,92,182
2018-11-27 11:20:30+08:00,-2,-1,27.24,51.5,14.19,0,16833,27,23,600,1,65,100980,89,1,5,73837,27.24,1543288838,92,182
2018-11-27 11:20:45+08:00,-2,-1,27.4,51,13.53,0,16834,27,23,599,1,48,100978,84,1,5,73837,27.17,1543288856,92,182
2018-11-27 11:21:00+08:00,-2,-1,27.4,51.5,13.42,0,16804,26,23,599,1,74,100978,85,1,5,73837,27.11,1543288872,92,182
2018-11-27 11:21:15+08:00,-2,-1,27.16,51.5,13.53,0,16866,26,23,599,1,55,100981,89,1,5,73837,27.03,1543288888,92,182
2018-11-27 11:21:30+08:00,,,,,,,,,,,,,,,,,,,,,
2018-11-27 11:21:45+08:00,-2,-1,27.32,51.5,13.3,0,16894,27,23,598,1,39,100979,93,1,4,73837,26.96,1543288906,92,182
2018-11-27 11:22:00+08:00,-2,-1,27.24,51.5,12.86,0,16860,27,24,599,1,48,100980,77,1,5,73837,26.89,1543288922,92,182
2018-11-27 11:22:15+08:00,-2,-1,26.84,51.5,12.75,0,16864,26,24,599,1,66,100985,82,0,5,73837,26.84,1543288938,92,182
2018-11-27 11:22:30+08:00,-2,-1,27.24,51.5,13.47,0,16835,27,24,598,1,60,100980,83,1,4,73837,26.77,1543288954,92,182